process,systematic,variation,bin,edge_lo,edge_hi,value
Other_Higgs,,nominal,0,0.0,0.0009567917389306952,0.020528114070866497
Other_Higgs,,nominal,1,0.0009567917389306952,0.0011761846848516988,0.023118971764511203
Other_Higgs,,nominal,2,0.0011761846848516988,0.002029518495153339,0.0960881582576328
Other_Higgs,,nominal,3,0.002029518495153339,0.0024498090280613213,0.04866276809348227
Other_Higgs,,nominal,4,0.0024498090280613213,0.0029563838476912704,0.06004600790174902
Other_Higgs,,nominal,5,0.0029563838476912704,0.006105206239196243,0.3061287994288791
Other_Higgs,,nominal,6,0.006105206239196243,0.007522517248260182,0.09652112336234353
Other_Higgs,,nominal,7,0.007522517248260182,0.009719243336259968,0.11834290766610733
Other_Higgs,,nominal,8,0.009719243336259968,0.013643487834444395,0.20693657903513607
Other_Higgs,,nominal,9,0.013643487834444395,0.022087249077993153,0.6839463501128105
Other_Higgs,,nominal,10,0.022087249077993153,0.04393358703334,2.4678240902529174
Other_Higgs,,nominal,11,0.04393358703334,0.10073404070562539,5.469719950648552
Other_Higgs,,nominal,12,0.10073404070562539,0.23767632438315117,8.846357398589145
Other_Higgs,,nominal,13,0.23767632438315117,0.4957539730742803,13.867225966097632
Other_Higgs,,nominal,14,0.4957539730742803,1.0,22.966116484835943
Other,Higgs_CMS_ctag2d,Down,0,0.0,0.0009567917389306952,0.02092510149352504
Other,Higgs_CMS_ctag2d,Down,1,0.0009567917389306952,0.0011761846848516988,0.022702471546185824
Other,Higgs_CMS_ctag2d,Down,2,0.0011761846848516988,0.002029518495153339,0.09622669762342866
Other,Higgs_CMS_ctag2d,Down,3,0.002029518495153339,0.0024498090280613213,0.0487316931986094
Other,Higgs_CMS_ctag2d,Down,4,0.0024498090280613213,0.0029563838476912704,0.059289661089043905
Other,Higgs_CMS_ctag2d,Down,5,0.0029563838476912704,0.006105206239196243,0.3090773965319872
Other,Higgs_CMS_ctag2d,Down,6,0.006105206239196243,0.007522517248260182,0.09647435478413713
Other,Higgs_CMS_ctag2d,Down,7,0.007522517248260182,0.009719243336259968,0.11983618649300776
Other,Higgs_CMS_ctag2d,Down,8,0.009719243336259968,0.013643487834444395,0.21028901435199354
Other,Higgs_CMS_ctag2d,Down,9,0.013643487834444395,0.022087249077993153,0.7061875069562058
Other,Higgs_CMS_ctag2d,Down,10,0.022087249077993153,0.04393358703334,2.526296265377666
Other,Higgs_CMS_ctag2d,Down,11,0.04393358703334,0.10073404070562539,5.5856174403353
Other,Higgs_CMS_ctag2d,Down,12,0.10073404070562539,0.23767632438315117,9.006660704707778
Other,Higgs_CMS_ctag2d,Down,13,0.23767632438315117,0.4957539730742803,14.061495870523842
Other,Higgs_CMS_ctag2d,Down,14,0.4957539730742803,1.0,22.623022225142435
Other,Higgs_CMS_ctag2d,Up,0,0.0,0.0009567917389306952,0.019382295419503644
Other,Higgs_CMS_ctag2d,Up,1,0.0009567917389306952,0.0011761846848516988,0.027779664770443916
Other,Higgs_CMS_ctag2d,Up,2,0.0011761846848516988,0.002029518495153339,0.10538494658812841
Other,Higgs_CMS_ctag2d,Up,3,0.002029518495153339,0.0024498090280613213,0.05311203615609478
Other,Higgs_CMS_ctag2d,Up,4,0.0024498090280613213,0.0029563838476912704,0.06568130287844509
Other,Higgs_CMS_ctag2d,Up,5,0.0029563838476912704,0.006105206239196243,0.33914117884292005
Other,Higgs_CMS_ctag2d,Up,6,0.006105206239196243,0.007522517248260182,0.10703932105066949
Other,Higgs_CMS_ctag2d,Up,7,0.007522517248260182,0.009719243336259968,0.1370200094611692
Other,Higgs_CMS_ctag2d,Up,8,0.009719243336259968,0.013643487834444395,0.2354427016494015
Other,Higgs_CMS_ctag2d,Up,9,0.013643487834444395,0.022087249077993153,0.758495802580766
Other,Higgs_CMS_ctag2d,Up,10,0.022087249077993153,0.04393358703334,2.7603989426335316
Other,Higgs_CMS_ctag2d,Up,11,0.04393358703334,0.10073404070562539,6.064991576872851
Other,Higgs_CMS_ctag2d,Up,12,0.10073404070562539,0.23767632438315117,9.402270318740594
Other,Higgs_CMS_ctag2d,Up,13,0.23767632438315117,0.4957539730742803,14.533534657433563
Other,Higgs_CMS_ctag2d,Up,14,0.4957539730742803,1.0,25.97346439725556
Other,Higgs_CMS_eff_e_reco_20to75,Down,0,0.0,0.0009567917389306952,0.02050422695204744
Other,Higgs_CMS_eff_e_reco_20to75,Down,1,0.0009567917389306952,0.0011761846848516988,0.023050961140455857
Other,Higgs_CMS_eff_e_reco_20to75,Down,2,0.0011761846848516988,0.002029518495153339,0.09539491881797882
Other,Higgs_CMS_eff_e_reco_20to75,Down,3,0.002029518495153339,0.0024498090280613213,0.04820214424392305
Other,Higgs_CMS_eff_e_reco_20to75,Down,4,0.0024498090280613213,0.0029563838476912704,0.05943437617078226
Other,Higgs_CMS_eff_e_reco_20to75,Down,5,0.0029563838476912704,0.006105206239196243,0.30273599875543633
Other,Higgs_CMS_eff_e_reco_20to75,Down,6,0.006105206239196243,0.007522517248260182,0.09542270774237305
Other,Higgs_CMS_eff_e_reco_20to75,Down,7,0.007522517248260182,0.009719243336259968,0.11703200733224883
Other,Higgs_CMS_eff_e_reco_20to75,Down,8,0.009719243336259968,0.013643487834444395,0.20485357189179787
Other,Higgs_CMS_eff_e_reco_20to75,Down,9,0.013643487834444395,0.022087249077993153,0.6765278105086073
Other,Higgs_CMS_eff_e_reco_20to75,Down,10,0.022087249077993153,0.04393358703334,2.4403178871947526
Other,Higgs_CMS_eff_e_reco_20to75,Down,11,0.04393358703334,0.10073404070562539,5.406403184038298
Other,Higgs_CMS_eff_e_reco_20to75,Down,12,0.10073404070562539,0.23767632438315117,8.746731065073602
Other,Higgs_CMS_eff_e_reco_20to75,Down,13,0.23767632438315117,0.4957539730742803,13.709694050844988
Other,Higgs_CMS_eff_e_reco_20to75,Down,14,0.4957539730742803,1.0,22.73683686607889
Other,Higgs_CMS_eff_e_reco_20to75,Up,0,0.0,0.0009567917389306952,0.020552287055543798
Other,Higgs_CMS_eff_e_reco_20to75,Up,1,0.0009567917389306952,0.0011761846848516988,0.02318851934418425
Other,Higgs_CMS_eff_e_reco_20to75,Up,2,0.0011761846848516988,0.002029518495153339,0.09679470191225636
Other,Higgs_CMS_eff_e_reco_20to75,Up,3,0.002029518495153339,0.0024498090280613213,0.04912987331114463
Other,Higgs_CMS_eff_e_reco_20to75,Up,4,0.0024498090280613213,0.0029563838476912704,0.06066715669484199
Other,Higgs_CMS_eff_e_reco_20to75,Up,5,0.0029563838476912704,0.006105206239196243,0.30956452612557367
Other,Higgs_CMS_eff_e_reco_20to75,Up,6,0.006105206239196243,0.007522517248260182,0.09763046510172291
Other,Higgs_CMS_eff_e_reco_20to75,Up,7,0.007522517248260182,0.009719243336259968,0.11966882829472636
Other,Higgs_CMS_eff_e_reco_20to75,Up,8,0.009719243336259968,0.013643487834444395,0.20904534450835022
Other,Higgs_CMS_eff_e_reco_20to75,Up,9,0.013643487834444395,0.022087249077993153,0.6914588149426698
Other,Higgs_CMS_eff_e_reco_20to75,Up,10,0.022087249077993153,0.04393358703334,2.4957294866445725
Other,Higgs_CMS_eff_e_reco_20to75,Up,11,0.04393358703334,0.10073404070562539,5.53397415619454
Other,Higgs_CMS_eff_e_reco_20to75,Up,12,0.10073404070562539,0.23767632438315117,8.947352730168001
Other,Higgs_CMS_eff_e_reco_20to75,Up,13,0.23767632438315117,0.4957539730742803,14.026690317917488
Other,Higgs_CMS_eff_e_reco_20to75,Up,14,0.4957539730742803,1.0,23.19748209824448
Other,Higgs_CMS_eff_e_reco_above75,Down,0,0.0,0.0009567917389306952,0.02052685065815397
Other,Higgs_CMS_eff_e_reco_above75,Down,1,0.0009567917389306952,0.0011761846848516988,0.023112204761522207
Other,Higgs_CMS_eff_e_reco_above75,Down,2,0.0011761846848516988,0.002029518495153339,0.09600936190513397
Other,Higgs_CMS_eff_e_reco_above75,Down,3,0.002029518495153339,0.0024498090280613213,0.048606148257218845
Other,Higgs_CMS_eff_e_reco_above75,Down,4,0.0024498090280613213,0.0029563838476912704,0.0599561665404188
Other,Higgs_CMS_eff_e_reco_above75,Down,5,0.0029563838476912704,0.006105206239196243,0.3055508280938478
Other,Higgs_CMS_eff_e_reco_above75,Down,6,0.006105206239196243,0.007522517248260182,0.09630133122021012
Other,Higgs_CMS_eff_e_reco_above75,Down,7,0.007522517248260182,0.009719243336259968,0.11801829445770007
Other,Higgs_CMS_eff_e_reco_above75,Down,8,0.009719243336259968,0.013643487834444395,0.2058150864288062
Other,Higgs_CMS_eff_e_reco_above75,Down,9,0.013643487834444395,0.022087249077993153,0.6774385223729888
Other,Higgs_CMS_eff_e_reco_above75,Down,10,0.022087249077993153,0.04393358703334,2.44796729710158
Other,Higgs_CMS_eff_e_reco_above75,Down,11,0.04393358703334,0.10073404070562539,5.440129136411519
Other,Higgs_CMS_eff_e_reco_above75,Down,12,0.10073404070562539,0.23767632438315117,8.823232538457486
Other,Higgs_CMS_eff_e_reco_above75,Down,13,0.23767632438315117,0.4957539730742803,13.856580642079145
Other,Higgs_CMS_eff_e_reco_above75,Down,14,0.4957539730742803,1.0,22.963340818998084
Other,Higgs_CMS_eff_e_reco_above75,Up,0,0.0,0.0009567917389306952,0.020529377483579022
Other,Higgs_CMS_eff_e_reco_above75,Up,1,0.0009567917389306952,0.0011761846848516988,0.023125792280340004
Other,Higgs_CMS_eff_e_reco_above75,Up,2,0.0011761846848516988,0.002029518495153339,0.09616705929220154
Other,Higgs_CMS_eff_e_reco_above75,Up,3,0.002029518495153339,0.0024498090280613213,0.048719588767391936
Other,Higgs_CMS_eff_e_reco_above75,Up,4,0.0024498090280613213,0.0029563838476912704,0.060136033143330964
Other,Higgs_CMS_eff_e_reco_above75,Up,5,0.0029563838476912704,0.006105206239196243,0.306709294811668
Other,Higgs_CMS_eff_e_reco_above75,Up,6,0.006105206239196243,0.007522517248260182,0.09674257643708462
Other,Higgs_CMS_eff_e_reco_above75,Up,7,0.007522517248260182,0.009719243336259968,0.11867085971188462
Other,Higgs_CMS_eff_e_reco_above75,Up,8,0.009719243336259968,0.013643487834444395,0.2080767861999131
Other,Higgs_CMS_eff_e_reco_above75,Up,9,0.013643487834444395,0.022087249077993153,0.6905814326556664
Other,Higgs_CMS_eff_e_reco_above75,Up,10,0.022087249077993153,0.04393358703334,2.4879019720689177
Other,Higgs_CMS_eff_e_reco_above75,Up,11,0.04393358703334,0.10073404070562539,5.499482620356182
Other,Higgs_CMS_eff_e_reco_above75,Up,12,0.10073404070562539,0.23767632438315117,8.869540898356206
Other,Higgs_CMS_eff_e_reco_above75,Up,13,0.23767632438315117,0.4957539730742803,13.87787658903773
Other,Higgs_CMS_eff_e_reco_above75,Up,14,0.4957539730742803,1.0,22.968892451116453
Other,Higgs_CMS_eff_e_reco_below20,Down,0,0.0,0.0009567917389306952,0.02038420086716985
Other,Higgs_CMS_eff_e_reco_below20,Down,1,0.0009567917389306952,0.0011761846848516988,0.022876970737762885
Other,Higgs_CMS_eff_e_reco_below20,Down,2,0.0011761846848516988,0.002029518495153339,0.09362869413355707
Other,Higgs_CMS_eff_e_reco_below20,Down,3,0.002029518495153339,0.0024498090280613213,0.04730785905007412
Other,Higgs_CMS_eff_e_reco_below20,Down,4,0.0024498090280613213,0.0029563838476912704,0.057881736539204476
Other,Higgs_CMS_eff_e_reco_below20,Down,5,0.0029563838476912704,0.006105206239196243,0.2933508193521325
Other,Higgs_CMS_eff_e_reco_below20,Down,6,0.006105206239196243,0.007522517248260182,0.09202936273459006
Other,Higgs_CMS_eff_e_reco_below20,Down,7,0.007522517248260182,0.009719243336259968,0.1129037142843552
Other,Higgs_CMS_eff_e_reco_below20,Down,8,0.009719243336259968,0.013643487834444395,0.19773945322714293
Other,Higgs_CMS_eff_e_reco_below20,Down,9,0.013643487834444395,0.022087249077993153,0.6607090409775334
Other,Higgs_CMS_eff_e_reco_below20,Down,10,0.022087249077993153,0.04393358703334,2.381383086733789
Other,Higgs_CMS_eff_e_reco_below20,Down,11,0.04393358703334,0.10073404070562539,5.272034899208862
Other,Higgs_CMS_eff_e_reco_below20,Down,12,0.10073404070562539,0.23767632438315117,8.49224010676095
Other,Higgs_CMS_eff_e_reco_below20,Down,13,0.23767632438315117,0.4957539730742803,13.290007108569885
Other,Higgs_CMS_eff_e_reco_below20,Down,14,0.4957539730742803,1.0,22.100327022942814
Other,Higgs_CMS_eff_e_reco_below20,Up,0,0.0,0.0009567917389306952,0.02067533993116912
Other,Higgs_CMS_eff_e_reco_below20,Up,1,0.0009567917389306952,0.0011761846848516988,0.023370328005177302
Other,Higgs_CMS_eff_e_reco_below20,Up,2,0.0011761846848516988,0.002029518495153339,0.09866855535151814
Other,Higgs_CMS_eff_e_reco_below20,Up,3,0.002029518495153339,0.0024498090280613213,0.05008137439773039
Other,Higgs_CMS_eff_e_reco_below20,Up,4,0.0024498090280613213,0.0029563838476912704,0.06233958976445225
Other,Higgs_CMS_eff_e_reco_below20,Up,5,0.0029563838476912704,0.006105206239196243,0.31962173983922554
Other,Higgs_CMS_eff_e_reco_below20,Up,6,0.006105206239196243,0.007522517248260182,0.10131233669579887
Other,Higgs_CMS_eff_e_reco_below20,Up,7,0.007522517248260182,0.009719243336259968,0.12410245732402148
Other,Higgs_CMS_eff_e_reco_below20,Up,8,0.009719243336259968,0.013643487834444395,0.21687160832141572
Other,Higgs_CMS_eff_e_reco_below20,Up,9,0.013643487834444395,0.022087249077993153,0.7083651876801567
Other,Higgs_CMS_eff_e_reco_below20,Up,10,0.022087249077993153,0.04393358703334,2.558179859229967
Other,Higgs_CMS_eff_e_reco_below20,Up,11,0.04393358703334,0.10073404070562539,5.67624386093465
Other,Higgs_CMS_eff_e_reco_below20,Up,12,0.10073404070562539,0.23767632438315117,9.218859839063597
Other,Higgs_CMS_eff_e_reco_below20,Up,13,0.23767632438315117,0.4957539730742803,14.47885444490285
Other,Higgs_CMS_eff_e_reco_below20,Up,14,0.4957539730742803,1.0,23.884481326477186
Other,Higgs_CMS_pileup,Down,0,0.0,0.0009567917389306952,0.020810147371079602
Other,Higgs_CMS_pileup,Down,1,0.0009567917389306952,0.0011761846848516988,0.024425081591921836
Other,Higgs_CMS_pileup,Down,2,0.0011761846848516988,0.002029518495153339,0.0958734085894434
Other,Higgs_CMS_pileup,Down,3,0.002029518495153339,0.0024498090280613213,0.04925127820876454
Other,Higgs_CMS_pileup,Down,4,0.0024498090280613213,0.0029563838476912704,0.05912853732604181
Other,Higgs_CMS_pileup,Down,5,0.0029563838476912704,0.006105206239196243,0.3075390281361411
Other,Higgs_CMS_pileup,Down,6,0.006105206239196243,0.007522517248260182,0.09930776018053167
Other,Higgs_CMS_pileup,Down,7,0.007522517248260182,0.009719243336259968,0.12214642208268756
Other,Higgs_CMS_pileup,Down,8,0.009719243336259968,0.013643487834444395,0.20942099693197735
Other,Higgs_CMS_pileup,Down,9,0.013643487834444395,0.022087249077993153,0.690992299902842
Other,Higgs_CMS_pileup,Down,10,0.022087249077993153,0.04393358703334,2.4965196383397945
Other,Higgs_CMS_pileup,Down,11,0.04393358703334,0.10073404070562539,5.515364902083784
Other,Higgs_CMS_pileup,Down,12,0.10073404070562539,0.23767632438315117,8.948928900464587
Other,Higgs_CMS_pileup,Down,13,0.23767632438315117,0.4957539730742803,14.029128876516197
Other,Higgs_CMS_pileup,Down,14,0.4957539730742803,1.0,23.179075351812834
Other,Higgs_CMS_pileup,Up,0,0.0,0.0009567917389306952,0.0202454348606928
Other,Higgs_CMS_pileup,Up,1,0.0009567917389306952,0.0011761846848516988,0.022066041770784132
Other,Higgs_CMS_pileup,Up,2,0.0011761846848516988,0.002029518495153339,0.09743338635659932
Other,Higgs_CMS_pileup,Up,3,0.002029518495153339,0.0024498090280613213,0.04797983585217239
Other,Higgs_CMS_pileup,Up,4,0.0024498090280613213,0.0029563838476912704,0.060199387186108844
Other,Higgs_CMS_pileup,Up,5,0.0029563838476912704,0.006105206239196243,0.3048857862029186
Other,Higgs_CMS_pileup,Up,6,0.006105206239196243,0.007522517248260182,0.09327834211625352
Other,Higgs_CMS_pileup,Up,7,0.007522517248260182,0.009719243336259968,0.11409999750086264
Other,Higgs_CMS_pileup,Up,8,0.009719243336259968,0.013643487834444395,0.2038713984892665
Other,Higgs_CMS_pileup,Up,9,0.013643487834444395,0.022087249077993153,0.6751801904549094
Other,Higgs_CMS_pileup,Up,10,0.022087249077993153,0.04393358703334,2.4378216073625847
Other,Higgs_CMS_pileup,Up,11,0.04393358703334,0.10073404070562539,5.417466830784223
Other,Higgs_CMS_pileup,Up,12,0.10073404070562539,0.23767632438315117,8.741092953529824
Other,Higgs_CMS_pileup,Up,13,0.23767632438315117,0.4957539730742803,13.693679671048432
Other,Higgs_CMS_pileup,Up,14,0.4957539730742803,1.0,22.764231485102417
Other,Higgs_lhe_alphaS,Down,0,0.0,0.0009567917389306952,0.020050984241820304
Other,Higgs_lhe_alphaS,Down,1,0.0009567917389306952,0.0011761846848516988,0.02256221671247004
Other,Higgs_lhe_alphaS,Down,2,0.0011761846848516988,0.002029518495153339,0.09380636254245496
Other,Higgs_lhe_alphaS,Down,3,0.002029518495153339,0.0024498090280613213,0.04751418886041767
Other,Higgs_lhe_alphaS,Down,4,0.0024498090280613213,0.0029563838476912704,0.05866439985987976
Other,Higgs_lhe_alphaS,Down,5,0.0029563838476912704,0.006105206239196243,0.29883970211470223
Other,Higgs_lhe_alphaS,Down,6,0.006105206239196243,0.007522517248260182,0.09411077683122615
Other,Higgs_lhe_alphaS,Down,7,0.007522517248260182,0.009719243336259968,0.11539241561199798
Other,Higgs_lhe_alphaS,Down,8,0.009719243336259968,0.013643487834444395,0.20148414535076564
Other,Higgs_lhe_alphaS,Down,9,0.013643487834444395,0.022087249077993153,0.6655245727204915
Other,Higgs_lhe_alphaS,Down,10,0.022087249077993153,0.04393358703334,2.3996881016626275
Other,Higgs_lhe_alphaS,Down,11,0.04393358703334,0.10073404070562539,5.318721628393949
Other,Higgs_lhe_alphaS,Down,12,0.10073404070562539,0.23767632438315117,8.604621852414345
Other,Higgs_lhe_alphaS,Down,13,0.23767632438315117,0.4957539730742803,13.493342652082006
Other,Higgs_lhe_alphaS,Down,14,0.4957539730742803,1.0,22.352790017124555
Other,Higgs_lhe_alphaS,Up,0,0.0,0.0009567917389306952,0.0210052438999127
Other,Higgs_lhe_alphaS,Up,1,0.0009567917389306952,0.0011761846848516988,0.023675726816552355
Other,Higgs_lhe_alphaS,Up,2,0.0011761846848516988,0.002029518495153339,0.09836995397325897
Other,Higgs_lhe_alphaS,Up,3,0.002029518495153339,0.0024498090280613213,0.04981134732654688
Other,Higgs_lhe_alphaS,Up,4,0.0024498090280613213,0.0029563838476912704,0.061427615944231156
Other,Higgs_lhe_alphaS,Up,5,0.0029563838476912704,0.006105206239196243,0.3134178967430557
Other,Higgs_lhe_alphaS,Up,6,0.006105206239196243,0.007522517248260182,0.09893146989346135
Other,Higgs_lhe_alphaS,Up,7,0.007522517248260182,0.009719243336259968,0.12129339972021702
Other,Higgs_lhe_alphaS,Up,8,0.009719243336259968,0.013643487834444395,0.21238901272103317
Other,Higgs_lhe_alphaS,Up,9,0.013643487834444395,0.022087249077993153,0.70236812750663
Other,Higgs_lhe_alphaS,Up,10,0.022087249077993153,0.04393358703334,2.5359600788406533
Other,Higgs_lhe_alphaS,Up,11,0.04393358703334,0.10073404070562539,5.6207182729197935
Other,Higgs_lhe_alphaS,Up,12,0.10073404070562539,0.23767632438315117,9.08809294475991
Other,Higgs_lhe_alphaS,Up,13,0.23767632438315117,0.4957539730742803,14.241109280118799
Other,Higgs_lhe_alphaS,Up,14,0.4957539730742803,1.0,23.579442952547886
Other,Higgs_ps_fsr,Down,0,0.0,0.0009567917389306952,0.020279591056568434
Other,Higgs_ps_fsr,Down,1,0.0009567917389306952,0.0011761846848516988,0.022398231244917095
Other,Higgs_ps_fsr,Down,2,0.0011761846848516988,0.002029518495153339,0.09877810144288529
Other,Higgs_ps_fsr,Down,3,0.002029518495153339,0.0024498090280613213,0.047554040509264345
Other,Higgs_ps_fsr,Down,4,0.0024498090280613213,0.0029563838476912704,0.06699495801881081
Other,Higgs_ps_fsr,Down,5,0.0029563838476912704,0.006105206239196243,0.30613033139172197
Other,Higgs_ps_fsr,Down,6,0.006105206239196243,0.007522517248260182,0.09464750885029227
Other,Higgs_ps_fsr,Down,7,0.007522517248260182,0.009719243336259968,0.12107861946046095
Other,Higgs_ps_fsr,Down,8,0.009719243336259968,0.013643487834444395,0.19811691936472975
Other,Higgs_ps_fsr,Down,9,0.013643487834444395,0.022087249077993153,0.6872024246250111
Other,Higgs_ps_fsr,Down,10,0.022087249077993153,0.04393358703334,2.474762903417316
Other,Higgs_ps_fsr,Down,11,0.04393358703334,0.10073404070562539,5.477310203351332
Other,Higgs_ps_fsr,Down,12,0.10073404070562539,0.23767632438315117,8.71548508050361
Other,Higgs_ps_fsr,Down,13,0.23767632438315117,0.4957539730742803,13.65874351316339
Other,Higgs_ps_fsr,Down,14,0.4957539730742803,1.0,22.8005113521077
Other,Higgs_ps_fsr,Up,0,0.0,0.0009567917389306952,0.020545431095530996
Other,Higgs_ps_fsr,Up,1,0.0009567917389306952,0.0011761846848516988,0.0233202550327117
Other,Higgs_ps_fsr,Up,2,0.0011761846848516988,0.002029518495153339,0.09553497059145745
Other,Higgs_ps_fsr,Up,3,0.002029518495153339,0.0024498090280613213,0.04927630914354908
Other,Higgs_ps_fsr,Up,4,0.0024498090280613213,0.0029563838476912704,0.05827468296523958
Other,Higgs_ps_fsr,Up,5,0.0029563838476912704,0.006105206239196243,0.30440923817272386
Other,Higgs_ps_fsr,Up,6,0.006105206239196243,0.007522517248260182,0.09802935690969272
Other,Higgs_ps_fsr,Up,7,0.007522517248260182,0.009719243336259968,0.11588320081802683
Other,Higgs_ps_fsr,Up,8,0.009719243336259968,0.013643487834444395,0.21131981335379602
Other,Higgs_ps_fsr,Up,9,0.013643487834444395,0.022087249077993153,0.6840055565715358
Other,Higgs_ps_fsr,Up,10,0.022087249077993153,0.04393358703334,2.4682720358042847
Other,Higgs_ps_fsr,Up,11,0.04393358703334,0.10073404070562539,5.491040439710925
Other,Higgs_ps_fsr,Up,12,0.10073404070562539,0.23767632438315117,8.915657273971417
Other,Higgs_ps_fsr,Up,13,0.23767632438315117,0.4957539730742803,13.939917690694113
Other,Higgs_ps_fsr,Up,14,0.4957539730742803,1.0,23.07590353965948
Other,Higgs_ps_isr,Down,0,0.0,0.0009567917389306952,0.021017882296899333
Other,Higgs_ps_isr,Down,1,0.0009567917389306952,0.0011761846848516988,0.02314646815540606
Other,Higgs_ps_isr,Down,2,0.0011761846848516988,0.002029518495153339,0.09569285079755722
Other,Higgs_ps_isr,Down,3,0.002029518495153339,0.0024498090280613213,0.04860468786618838
Other,Higgs_ps_isr,Down,4,0.0024498090280613213,0.0029563838476912704,0.060608316679354235
Other,Higgs_ps_isr,Down,5,0.0029563838476912704,0.006105206239196243,0.3089549107923653
Other,Higgs_ps_isr,Down,6,0.006105206239196243,0.007522517248260182,0.09607815979536194
Other,Higgs_ps_isr,Down,7,0.007522517248260182,0.009719243336259968,0.11876742507554827
Other,Higgs_ps_isr,Down,8,0.009719243336259968,0.013643487834444395,0.20927982930796107
Other,Higgs_ps_isr,Down,9,0.013643487834444395,0.022087249077993153,0.6951079875967519
Other,Higgs_ps_isr,Down,10,0.022087249077993153,0.04393358703334,2.5238177704328373
Other,Higgs_ps_isr,Down,11,0.04393358703334,0.10073404070562539,5.605543406889466
Other,Higgs_ps_isr,Down,12,0.10073404070562539,0.23767632438315117,9.016132124944829
Other,Higgs_ps_isr,Down,13,0.23767632438315117,0.4957539730742803,14.05010919235772
Other,Higgs_ps_isr,Down,14,0.4957539730742803,1.0,22.859546530299625
Other,Higgs_ps_isr,Up,0,0.0,0.0009567917389306952,0.02017212582447654
Other,Higgs_ps_isr,Up,1,0.0009567917389306952,0.0011761846848516988,0.02309910013255971
Other,Higgs_ps_isr,Up,2,0.0011761846848516988,0.002029518495153339,0.0963128059150731
Other,Higgs_ps_isr,Up,3,0.002029518495153339,0.0024498090280613213,0.048645050974345266
Other,Higgs_ps_isr,Up,4,0.0024498090280613213,0.0029563838476912704,0.0595053725870211
Other,Higgs_ps_isr,Up,5,0.0029563838476912704,0.006105206239196243,0.30390953893825423
Other,Higgs_ps_isr,Up,6,0.006105206239196243,0.007522517248260182,0.09676254972587173
Other,Higgs_ps_isr,Up,7,0.007522517248260182,0.009719243336259968,0.11796900624805584
Other,Higgs_ps_isr,Up,8,0.009719243336259968,0.013643487834444395,0.2049861904011281
Other,Higgs_ps_isr,Up,9,0.013643487834444395,0.022087249077993153,0.6746311741736439
Other,Higgs_ps_isr,Up,10,0.022087249077993153,0.04393358703334,2.4242216488883965
Other,Higgs_ps_isr,Up,11,0.04393358703334,0.10073404070562539,5.3619237355386415
Other,Higgs_ps_isr,Up,12,0.10073404070562539,0.23767632438315117,8.710373631395441
Other,Higgs_ps_isr,Up,13,0.23767632438315117,0.4957539730742803,13.72530401853238
Other,Higgs_ps_isr,Up,14,0.4957539730742803,1.0,23.056165655253487
Signal,,nominal,0,0.0,0.0009567917389306952,9.813937189326191e-06
Signal,,nominal,1,0.0009567917389306952,0.0011761846848516988,4.182482840748773e-06
Signal,,nominal,2,0.0011761846848516988,0.002029518495153339,3.020775857916934e-05
Signal,,nominal,3,0.002029518495153339,0.0024498090280613213,1.641449019582639e-05
Signal,,nominal,4,0.0024498090280613213,0.0029563838476912704,6.268030147441965e-06
Signal,,nominal,5,0.0029563838476912704,0.006105206239196243,4.5928193236554075e-05
Signal,,nominal,6,0.006105206239196243,0.007522517248260182,3.380168802218985e-05
Signal,,nominal,7,0.007522517248260182,0.009719243336259968,3.251131647839269e-05
Signal,,nominal,8,0.009719243336259968,0.013643487834444395,7.207523964521977e-05
Signal,,nominal,9,0.013643487834444395,0.022087249077993153,0.00016677337750784405
Signal,,nominal,10,0.022087249077993153,0.04393358703334,0.0005453651805020212
Signal,,nominal,11,0.04393358703334,0.10073404070562539,0.0013161631717797289
Signal,,nominal,12,0.10073404070562539,0.23767632438315117,0.003219060266032515
Signal,,nominal,13,0.23767632438315117,0.4957539730742803,0.009213029552190952
Signal,,nominal,14,0.4957539730742803,1.0,0.03706564257173818
Signal,CMS_ctag2d,Down,0,0.0,0.0009567917389306952,7.997672042984066e-06
Signal,CMS_ctag2d,Down,1,0.0009567917389306952,0.0011761846848516988,5.969118460817602e-06
Signal,CMS_ctag2d,Down,2,0.0011761846848516988,0.002029518495153339,3.514081234481368e-05
Signal,CMS_ctag2d,Down,3,0.002029518495153339,0.0024498090280613213,2.199198907657917e-05
Signal,CMS_ctag2d,Down,4,0.0024498090280613213,0.0029563838476912704,9.017070505013921e-06
Signal,CMS_ctag2d,Down,5,0.0029563838476912704,0.006105206239196243,3.961817606091369e-05
Signal,CMS_ctag2d,Down,6,0.006105206239196243,0.007522517248260182,4.608696814843843e-05
Signal,CMS_ctag2d,Down,7,0.007522517248260182,0.009719243336259968,3.2599347496130196e-05
Signal,CMS_ctag2d,Down,8,0.009719243336259968,0.013643487834444395,7.675030618355545e-05
Signal,CMS_ctag2d,Down,9,0.013643487834444395,0.022087249077993153,0.00015067234840749748
Signal,CMS_ctag2d,Down,10,0.022087249077993153,0.04393358703334,0.0005375084061113769
Signal,CMS_ctag2d,Down,11,0.04393358703334,0.10073404070562539,0.001347330983614926
Signal,CMS_ctag2d,Down,12,0.10073404070562539,0.23767632438315117,0.0034460082605425914
Signal,CMS_ctag2d,Down,13,0.23767632438315117,0.4957539730742803,0.009796280026737058
Signal,CMS_ctag2d,Down,14,0.4957539730742803,1.0,0.034558250855209895
Signal,CMS_ctag2d,Up,0,0.0,0.0009567917389306952,1.6473883333386244e-05
Signal,CMS_ctag2d,Up,1,0.0009567917389306952,0.0011761846848516988,4.428247428888578e-06
Signal,CMS_ctag2d,Up,2,0.0011761846848516988,0.002029518495153339,1.955743923667472e-05
Signal,CMS_ctag2d,Up,3,0.002029518495153339,0.0024498090280613213,9.101164364084185e-06
Signal,CMS_ctag2d,Up,4,0.0024498090280613213,0.0029563838476912704,2.535659972154992e-06
Signal,CMS_ctag2d,Up,5,0.0029563838476912704,0.006105206239196243,7.367631062284421e-05
Signal,CMS_ctag2d,Up,6,0.006105206239196243,0.007522517248260182,2.7484746132119966e-05
Signal,CMS_ctag2d,Up,7,0.007522517248260182,0.009719243336259968,4.8153266418973306e-05
Signal,CMS_ctag2d,Up,8,0.009719243336259968,0.013643487834444395,7.813246815659031e-05
Signal,CMS_ctag2d,Up,9,0.013643487834444395,0.022087249077993153,0.00024402768362460388
Signal,CMS_ctag2d,Up,10,0.022087249077993153,0.04393358703334,0.0008054666224870406
Signal,CMS_ctag2d,Up,11,0.04393358703334,0.10073404070562539,0.0016763663201238514
Signal,CMS_ctag2d,Up,12,0.10073404070562539,0.23767632438315117,0.004209801830280255
Signal,CMS_ctag2d,Up,13,0.23767632438315117,0.4957539730742803,0.011701888994326493
Signal,CMS_ctag2d,Up,14,0.4957539730742803,1.0,0.0517887399557116
Signal,CMS_eff_e_reco_20to75,Down,0,0.0,0.0009567917389306952,9.810564391081206e-06
Signal,CMS_eff_e_reco_20to75,Down,1,0.0009567917389306952,0.0011761846848516988,4.179054923971458e-06
Signal,CMS_eff_e_reco_20to75,Down,2,0.0011761846848516988,0.002029518495153339,3.0100479998393978e-05
Signal,CMS_eff_e_reco_20to75,Down,3,0.002029518495153339,0.0024498090280613213,1.639460857722833e-05
Signal,CMS_eff_e_reco_20to75,Down,4,0.0024498090280613213,0.0029563838476912704,6.251632404648083e-06
Signal,CMS_eff_e_reco_20to75,Down,5,0.0029563838476912704,0.006105206239196243,4.5629362561623444e-05
Signal,CMS_eff_e_reco_20to75,Down,6,0.006105206239196243,0.007522517248260182,3.366528299541894e-05
Signal,CMS_eff_e_reco_20to75,Down,7,0.007522517248260182,0.009719243336259968,3.184190945014262e-05
Signal,CMS_eff_e_reco_20to75,Down,8,0.009719243336259968,0.013643487834444395,7.156426411276094e-05
Signal,CMS_eff_e_reco_20to75,Down,9,0.013643487834444395,0.022087249077993153,0.00016558440541358002
Signal,CMS_eff_e_reco_20to75,Down,10,0.022087249077993153,0.04393358703334,0.0005411052676978436
Signal,CMS_eff_e_reco_20to75,Down,11,0.04393358703334,0.10073404070562539,0.001297517195072789
Signal,CMS_eff_e_reco_20to75,Down,12,0.10073404070562539,0.23767632438315117,0.0031801534212293515
Signal,CMS_eff_e_reco_20to75,Down,13,0.23767632438315117,0.4957539730742803,0.009102022940273138
Signal,CMS_eff_e_reco_20to75,Down,14,0.4957539730742803,1.0,0.03668487386209931
Signal,CMS_eff_e_reco_20to75,Up,0,0.0,0.0009567917389306952,9.817309987571176e-06
Signal,CMS_eff_e_reco_20to75,Up,1,0.0009567917389306952,0.0011761846848516988,4.185910757526087e-06
Signal,CMS_eff_e_reco_20to75,Up,2,0.0011761846848516988,0.002029518495153339,3.0316599068980755e-05
Signal,CMS_eff_e_reco_20to75,Up,3,0.002029518495153339,0.0024498090280613213,1.6434371814424456e-05
Signal,CMS_eff_e_reco_20to75,Up,4,0.0024498090280613213,0.0029563838476912704,6.284725755291228e-06
Signal,CMS_eff_e_reco_20to75,Up,5,0.0029563838476912704,0.006105206239196243,4.622702707971704e-05
Signal,CMS_eff_e_reco_20to75,Up,6,0.006105206239196243,0.007522517248260182,3.393913590995782e-05
Signal,CMS_eff_e_reco_20to75,Up,7,0.007522517248260182,0.009719243336259968,3.318464069527747e-05
Signal,CMS_eff_e_reco_20to75,Up,8,0.009719243336259968,0.013643487834444395,7.259052553445117e-05
Signal,CMS_eff_e_reco_20to75,Up,9,0.013643487834444395,0.022087249077993153,0.00016799502038453992
Signal,CMS_eff_e_reco_20to75,Up,10,0.022087249077993153,0.04393358703334,0.0005496099497097147
Signal,CMS_eff_e_reco_20to75,Up,11,0.04393358703334,0.10073404070562539,0.0013351325094077095
Signal,CMS_eff_e_reco_20to75,Up,12,0.10073404070562539,0.23767632438315117,0.003258638349882282
Signal,CMS_eff_e_reco_20to75,Up,13,0.23767632438315117,0.4957539730742803,0.009325562853474334
Signal,CMS_eff_e_reco_20to75,Up,14,0.4957539730742803,1.0,0.03745035185661562
Signal,CMS_eff_e_reco_above75,Down,0,0.0,0.0009567917389306952,9.813937189326191e-06
Signal,CMS_eff_e_reco_above75,Down,1,0.0009567917389306952,0.0011761846848516988,4.145018127008107e-06
Signal,CMS_eff_e_reco_above75,Down,2,0.0011761846848516988,0.002029518495153339,3.0207758579169346e-05
Signal,CMS_eff_e_reco_above75,Down,3,0.002029518495153339,0.0024498090280613213,1.641449019582639e-05
Signal,CMS_eff_e_reco_above75,Down,4,0.0024498090280613213,0.0029563838476912704,6.268030147441965e-06
Signal,CMS_eff_e_reco_above75,Down,5,0.0029563838476912704,0.006105206239196243,4.59124015619605e-05
Signal,CMS_eff_e_reco_above75,Down,6,0.006105206239196243,0.007522517248260182,3.386435999523196e-05
Signal,CMS_eff_e_reco_above75,Down,7,0.007522517248260182,0.009719243336259968,3.243642779403094e-05
Signal,CMS_eff_e_reco_above75,Down,8,0.009719243336259968,0.013643487834444395,7.199971118447329e-05
Signal,CMS_eff_e_reco_above75,Down,9,0.013643487834444395,0.022087249077993153,0.00016647284456983754
Signal,CMS_eff_e_reco_above75,Down,10,0.022087249077993153,0.04393358703334,0.0005429009371801777
Signal,CMS_eff_e_reco_above75,Down,11,0.04393358703334,0.10073404070562539,0.0013118918051825473
Signal,CMS_eff_e_reco_above75,Down,12,0.10073404070562539,0.23767632438315117,0.003212274592950157
Signal,CMS_eff_e_reco_above75,Down,13,0.23767632438315117,0.4957539730742803,0.009208361264315248
Signal,CMS_eff_e_reco_above75,Down,14,0.4957539730742803,1.0,0.03706089184778022
Signal,CMS_eff_e_reco_above75,Up,0,0.0,0.0009567917389306952,9.813937189326191e-06
Signal,CMS_eff_e_reco_above75,Up,1,0.0009567917389306952,0.0011761846848516988,4.219947554489438e-06
Signal,CMS_eff_e_reco_above75,Up,2,0.0011761846848516988,0.002029518495153339,3.0207758579169346e-05
Signal,CMS_eff_e_reco_above75,Up,3,0.002029518495153339,0.0024498090280613213,1.641449019582639e-05
Signal,CMS_eff_e_reco_above75,Up,4,0.0024498090280613213,0.0029563838476912704,6.268030147441965e-06
Signal,CMS_eff_e_reco_above75,Up,5,0.0029563838476912704,0.006105206239196243,4.594398491114765e-05
Signal,CMS_eff_e_reco_above75,Up,6,0.006105206239196243,0.007522517248260182,3.3739016049147725e-05
Signal,CMS_eff_e_reco_above75,Up,7,0.007522517248260182,0.009719243336259968,3.258620516275449e-05
Signal,CMS_eff_e_reco_above75,Up,8,0.009719243336259968,0.013643487834444395,7.215076810596625e-05
Signal,CMS_eff_e_reco_above75,Up,9,0.013643487834444395,0.022087249077993153,0.00016707638314080733
Signal,CMS_eff_e_reco_above75,Up,10,0.022087249077993153,0.04393358703334,0.0005478496391001911
Signal,CMS_eff_e_reco_above75,Up,11,0.04393358703334,0.10073404070562539,0.0013204488047718456
Signal,CMS_eff_e_reco_above75,Up,12,0.10073404070562539,0.23767632438315117,0.003225853075593787
Signal,CMS_eff_e_reco_above75,Up,13,0.23767632438315117,0.4957539730742803,0.009217700237826504
Signal,CMS_eff_e_reco_above75,Up,14,0.4957539730742803,1.0,0.037070393928310796
Signal,CMS_eff_e_reco_below20,Down,0,0.0,0.0009567917389306952,9.70470189139327e-06
Signal,CMS_eff_e_reco_below20,Down,1,0.0009567917389306952,0.0011761846848516988,3.95011990113565e-06
Signal,CMS_eff_e_reco_below20,Down,2,0.0011761846848516988,0.002029518495153339,2.9752490173627757e-05
Signal,CMS_eff_e_reco_below20,Down,3,0.002029518495153339,0.0024498090280613213,1.603056189953731e-05
Signal,CMS_eff_e_reco_below20,Down,4,0.0024498090280613213,0.0029563838476912704,6.481579909973653e-06
Signal,CMS_eff_e_reco_below20,Down,5,0.0029563838476912704,0.006105206239196243,4.254533853461486e-05
Signal,CMS_eff_e_reco_below20,Down,6,0.006105206239196243,0.007522517248260182,3.266480220883412e-05
Signal,CMS_eff_e_reco_below20,Down,7,0.007522517248260182,0.009719243336259968,3.1312237119477564e-05
Signal,CMS_eff_e_reco_below20,Down,8,0.009719243336259968,0.013643487834444395,6.985175534040376e-05
Signal,CMS_eff_e_reco_below20,Down,9,0.013643487834444395,0.022087249077993153,0.00015582928663230395
Signal,CMS_eff_e_reco_below20,Down,10,0.022087249077993153,0.04393358703334,0.0005233033231292525
Signal,CMS_eff_e_reco_below20,Down,11,0.04393358703334,0.10073404070562539,0.001259812076831803
Signal,CMS_eff_e_reco_below20,Down,12,0.10073404070562539,0.23767632438315117,0.0030557648238219337
Signal,CMS_eff_e_reco_below20,Down,13,0.23767632438315117,0.4957539730742803,0.00874864475388754
Signal,CMS_eff_e_reco_below20,Down,14,0.4957539730742803,1.0,0.03550158652414575
Signal,CMS_eff_e_reco_below20,Up,0,0.0,0.0009567917389306952,9.92955830348113e-06
Signal,CMS_eff_e_reco_below20,Up,1,0.0009567917389306952,0.0011761846848516988,4.425321318372016e-06
Signal,CMS_eff_e_reco_below20,Up,2,0.0011761846848516988,0.002029518495153339,3.066302698471092e-05
Signal,CMS_eff_e_reco_below20,Up,3,0.002029518495153339,0.0024498090280613213,1.6801751053977464e-05
Signal,CMS_eff_e_reco_below20,Up,4,0.0024498090280613213,0.0029563838476912704,6.0496960551221325e-06
Signal,CMS_eff_e_reco_below20,Up,5,0.0029563838476912704,0.006105206239196243,4.9727374917596406e-05
Signal,CMS_eff_e_reco_below20,Up,6,0.006105206239196243,0.007522517248260182,3.498476311989524e-05
Signal,CMS_eff_e_reco_below20,Up,7,0.007522517248260182,0.009719243336259968,3.3748843024453796e-05
Signal,CMS_eff_e_reco_below20,Up,8,0.009719243336259968,0.013643487834444395,7.46325394854792e-05
Signal,CMS_eff_e_reco_below20,Up,9,0.013643487834444395,0.022087249077993153,0.00017913964648836955
Signal,CMS_eff_e_reco_below20,Up,10,0.022087249077993153,0.04393358703334,0.0005691675109105973
Signal,CMS_eff_e_reco_below20,Up,11,0.04393358703334,0.10073404070562539,0.0013759590945847976
Signal,CMS_eff_e_reco_below20,Up,12,0.10073404070562539,0.23767632438315117,0.0033925014902920297
Signal,CMS_eff_e_reco_below20,Up,13,0.23767632438315117,0.4957539730742803,0.00970916472946726
Signal,CMS_eff_e_reco_below20,Up,14,0.4957539730742803,1.0,0.03873338523559238
Signal,CMS_pileup,Down,0,0.0,0.0009567917389306952,1.1133036647290474e-05
Signal,CMS_pileup,Down,1,0.0009567917389306952,0.0011761846848516988,4.745637875362718e-06
Signal,CMS_pileup,Down,2,0.0011761846848516988,0.002029518495153339,3.53407429257912e-05
Signal,CMS_pileup,Down,3,0.002029518495153339,0.0024498090280613213,1.267286306915212e-05
Signal,CMS_pileup,Down,4,0.0024498090280613213,0.0029563838476912704,8.964666226295463e-06
Signal,CMS_pileup,Down,5,0.0029563838476912704,0.006105206239196243,5.2567898921931425e-05
Signal,CMS_pileup,Down,6,0.006105206239196243,0.007522517248260182,2.9736383013871204e-05
Signal,CMS_pileup,Down,7,0.007522517248260182,0.009719243336259968,3.492844591449187e-05
Signal,CMS_pileup,Down,8,0.009719243336259968,0.013643487834444395,6.955207659090358e-05
Signal,CMS_pileup,Down,9,0.013643487834444395,0.022087249077993153,0.0001690817191121596
Signal,CMS_pileup,Down,10,0.022087249077993153,0.04393358703334,0.0005356305558170977
Signal,CMS_pileup,Down,11,0.04393358703334,0.10073404070562539,0.0013356946674079194
Signal,CMS_pileup,Down,12,0.10073404070562539,0.23767632438315117,0.0032564363611585294
Signal,CMS_pileup,Down,13,0.23767632438315117,0.4957539730742803,0.00928794038358192
Signal,CMS_pileup,Down,14,0.4957539730742803,1.0,0.03744214028956075
Signal,CMS_pileup,Up,0,0.0,0.0009567917389306952,8.794430132458386e-06
Signal,CMS_pileup,Up,1,0.0009567917389306952,0.0011761846848516988,3.7100096919102637e-06
Signal,CMS_pileup,Up,2,0.0011761846848516988,0.002029518495153339,2.39089461254256e-05
Signal,CMS_pileup,Up,3,0.002029518495153339,0.0024498090280613213,1.8893635814441173e-05
Signal,CMS_pileup,Up,4,0.0024498090280613213,0.0029563838476912704,3.5055057463272444e-06
Signal,CMS_pileup,Up,5,0.0029563838476912704,0.006105206239196243,3.522720563746092e-05
Signal,CMS_pileup,Up,6,0.006105206239196243,0.007522517248260182,3.784637341287747e-05
Signal,CMS_pileup,Up,7,0.007522517248260182,0.009719243336259968,2.78299795101888e-05
Signal,CMS_pileup,Up,8,0.009719243336259968,0.013643487834444395,7.556493370179838e-05
Signal,CMS_pileup,Up,9,0.013643487834444395,0.022087249077993153,0.00016055305329950085
Signal,CMS_pileup,Up,10,0.022087249077993153,0.04393358703334,0.0005499486724791071
Signal,CMS_pileup,Up,11,0.04393358703334,0.10073404070562539,0.0012989082159967915
Signal,CMS_pileup,Up,12,0.10073404070562539,0.23767632438315117,0.0032153645169453095
Signal,CMS_pileup,Up,13,0.23767632438315117,0.4957539730742803,0.009158686321555415
Signal,CMS_pileup,Up,14,0.4957539730742803,1.0,0.03663859965094654
Signal,ps_fsr,Down,0,0.0,0.0009567917389306952,1.2137808561291176e-05
Signal,ps_fsr,Down,1,0.0009567917389306952,0.0011761846848516988,4.127041469803248e-06
Signal,ps_fsr,Down,2,0.0011761846848516988,0.002029518495153339,2.791876773505448e-05
Signal,ps_fsr,Down,3,0.002029518495153339,0.0024498090280613213,2.2222777317385723e-05
Signal,ps_fsr,Down,4,0.0024498090280613213,0.0029563838476912704,1.1621162254465644e-05
Signal,ps_fsr,Down,5,0.0029563838476912704,0.006105206239196243,4.0372103123045855e-05
Signal,ps_fsr,Down,6,0.006105206239196243,0.007522517248260182,3.444044874255412e-05
Signal,ps_fsr,Down,7,0.007522517248260182,0.009719243336259968,2.7954358883447412e-05
Signal,ps_fsr,Down,8,0.009719243336259968,0.013643487834444395,7.553377968933791e-05
Signal,ps_fsr,Down,9,0.013643487834444395,0.022087249077993153,0.00016788829373609783
Signal,ps_fsr,Down,10,0.022087249077993153,0.04393358703334,0.0005095965408455385
Signal,ps_fsr,Down,11,0.04393358703334,0.10073404070562539,0.001310573569418739
Signal,ps_fsr,Down,12,0.10073404070562539,0.23767632438315117,0.003395921623007238
Signal,ps_fsr,Down,13,0.23767632438315117,0.4957539730742803,0.00907250098488268
Signal,ps_fsr,Down,14,0.4957539730742803,1.0,0.03648531742072596
Signal,ps_fsr,Up,0,0.0,0.0009567917389306952,8.873315818542025e-06
Signal,ps_fsr,Up,1,0.0009567917389306952,0.0011761846848516988,3.992160292007447e-06
Signal,ps_fsr,Up,2,0.0011761846848516988,0.002029518495153339,3.2693084294241285e-05
Signal,ps_fsr,Up,3,0.002029518495153339,0.0024498090280613213,1.1964696358474236e-05
Signal,ps_fsr,Up,4,0.0024498090280613213,0.0029563838476912704,5.045056834049372e-06
Signal,ps_fsr,Up,5,0.0029563838476912704,0.006105206239196243,4.561576097889309e-05
Signal,ps_fsr,Up,6,0.006105206239196243,0.007522517248260182,3.3400002992167304e-05
Signal,ps_fsr,Up,7,0.007522517248260182,0.009719243336259968,3.639458265600347e-05
Signal,ps_fsr,Up,8,0.009719243336259968,0.013643487834444395,7.057606911461088e-05
Signal,ps_fsr,Up,9,0.013643487834444395,0.022087249077993153,0.00016724711832913732
Signal,ps_fsr,Up,10,0.022087249077993153,0.04393358703334,0.0005625565670788271
Signal,ps_fsr,Up,11,0.04393358703334,0.10073404070562539,0.0013325421464282963
Signal,ps_fsr,Up,12,0.10073404070562539,0.23767632438315117,0.003139384633571575
Signal,ps_fsr,Up,13,0.23767632438315117,0.4957539730742803,0.009307779359812848
Signal,ps_fsr,Up,14,0.4957539730742803,1.0,0.037396637833414625
Signal,ps_isr,Down,0,0.0,0.0009567917389306952,1.009785627027658e-05
Signal,ps_isr,Down,1,0.0009567917389306952,0.0011761846848516988,4.238573110788992e-06
Signal,ps_isr,Down,2,0.0011761846848516988,0.002029518495153339,2.9722312969901966e-05
Signal,ps_isr,Down,3,0.002029518495153339,0.0024498090280613213,1.5764358129976277e-05
Signal,ps_isr,Down,4,0.0024498090280613213,0.0029563838476912704,6.918224481450054e-06
Signal,ps_isr,Down,5,0.0029563838476912704,0.006105206239196243,4.8209588936610836e-05
Signal,ps_isr,Down,6,0.006105206239196243,0.007522517248260182,3.651344332143618e-05
Signal,ps_isr,Down,7,0.007522517248260182,0.009719243336259968,3.367780341881571e-05
Signal,ps_isr,Down,8,0.009719243336259968,0.013643487834444395,7.213486248081803e-05
Signal,ps_isr,Down,9,0.013643487834444395,0.022087249077993153,0.0001657615025196214
Signal,ps_isr,Down,10,0.022087249077993153,0.04393358703334,0.0005620476608058618
Signal,ps_isr,Down,11,0.04393358703334,0.10073404070562539,0.0013485295202170845
Signal,ps_isr,Down,12,0.10073404070562539,0.23767632438315117,0.003301041618371723
Signal,ps_isr,Down,13,0.23767632438315117,0.4957539730742803,0.009437080898144407
Signal,ps_isr,Down,14,0.4957539730742803,1.0,0.03757684668015156
Signal,ps_isr,Up,0,0.0,0.0009567917389306952,9.508805534656244e-06
Signal,ps_isr,Up,1,0.0009567917389306952,0.0011761846848516988,4.148265963285334e-06
Signal,ps_isr,Up,2,0.0011761846848516988,0.002029518495153339,3.056100548578638e-05
Signal,ps_isr,Up,3,0.002029518495153339,0.0024498090280613213,1.6759835031225894e-05
Signal,ps_isr,Up,4,0.0024498090280613213,0.0029563838476912704,5.795128311083934e-06
Signal,ps_isr,Up,5,0.0029563838476912704,0.006105206239196243,4.436524307449894e-05
Signal,ps_isr,Up,6,0.006105206239196243,0.007522517248260182,3.1821976001446565e-05
Signal,ps_isr,Up,7,0.007522517248260182,0.009719243336259968,3.234958072018877e-05
Signal,ps_isr,Up,8,0.009719243336259968,0.013643487834444395,7.141656563074727e-05
Signal,ps_isr,Up,9,0.013643487834444395,0.022087249077993153,0.00016731393258584735
Signal,ps_isr,Up,10,0.022087249077993153,0.04393358703334,0.0005336203020389038
Signal,ps_isr,Up,11,0.04393358703334,0.10073404070562539,0.0012889933296216598
Signal,ps_isr,Up,12,0.10073404070562539,0.23767632438315117,0.0031592491954995756
Signal,ps_isr,Up,13,0.23767632438315117,0.4957539730742803,0.009043282322844935
Signal,ps_isr,Up,14,0.4957539730742803,1.0,0.0366711153946083
data_obs,,nominal,0,0.0,0.0009567917389306952,4.558984410307658
data_obs,,nominal,1,0.0009567917389306952,0.0011761846848516988,4.518374423500437
data_obs,,nominal,2,0.0011761846848516988,0.002029518495153339,13.559647439469623
data_obs,,nominal,3,0.002029518495153339,0.0024498090280613213,4.526002750654008
data_obs,,nominal,4,0.0024498090280613213,0.0029563838476912704,4.522045317722428
data_obs,,nominal,5,0.0029563838476912704,0.006105206239196243,17.943381541734336
data_obs,,nominal,6,0.006105206239196243,0.007522517248260182,4.492709811136942
data_obs,,nominal,7,0.007522517248260182,0.009719243336259968,4.536980054456196
data_obs,,nominal,8,0.009719243336259968,0.013643487834444395,4.659236571510792
data_obs,,nominal,9,0.013643487834444395,0.022087249077993153,5.198939293877267
data_obs,,nominal,10,0.022087249077993153,0.04393358703334,7.058734711658708
data_obs,,nominal,11,0.04393358703334,0.10073404070562539,10.06505416642792
data_obs,,nominal,12,0.10073404070562539,0.23767632438315117,13.412051889805007
data_obs,,nominal,13,0.23767632438315117,0.4957539730742803,18.449179966339457
data_obs,,nominal,14,0.4957539730742803,1.0,27.52806255967138
ggZZ,,nominal,0,0.0,0.0009567917389306952,0.2657931982283264
ggZZ,,nominal,1,0.0009567917389306952,0.0011761846848516988,0.22277165031645757
ggZZ,,nominal,2,0.0011761846848516988,0.002029518495153339,0.6469273399049205
ggZZ,,nominal,3,0.002029518495153339,0.0024498090280613213,0.1960702973595061
ggZZ,,nominal,4,0.0024498090280613213,0.0029563838476912704,0.17820586583198006
ggZZ,,nominal,5,0.0029563838476912704,0.006105206239196243,0.5600221724856804
ggZZ,,nominal,6,0.006105206239196243,0.007522517248260182,0.12064839345453615
ggZZ,,nominal,7,0.007522517248260182,0.009719243336259968,0.14067029814324572
ggZZ,,nominal,8,0.009719243336259968,0.013643487834444395,0.1747360065388741
ggZZ,,nominal,9,0.013643487834444395,0.022087249077993153,0.23946950128032762
ggZZ,,nominal,10,0.022087249077993153,0.04393358703334,0.3128470349172181
ggZZ,,nominal,11,0.04393358703334,0.10073404070562539,0.3184513960042139
ggZZ,,nominal,12,0.10073404070562539,0.23767632438315117,0.29023974402585173
ggZZ,,nominal,13,0.23767632438315117,0.4957539730742803,0.2886277294908406
ggZZ,,nominal,14,0.4957539730742803,1.0,0.27409294642640436
ggZZ,CMS_ctag2d,Down,0,0.0,0.0009567917389306952,0.26908701025469833
ggZZ,CMS_ctag2d,Down,1,0.0009567917389306952,0.0011761846848516988,0.2253467265470292
ggZZ,CMS_ctag2d,Down,2,0.0011761846848516988,0.002029518495153339,0.6518921268229934
ggZZ,CMS_ctag2d,Down,3,0.002029518495153339,0.0024498090280613213,0.19788085679516976
ggZZ,CMS_ctag2d,Down,4,0.0024498090280613213,0.0029563838476912704,0.17850688520631364
ggZZ,CMS_ctag2d,Down,5,0.0029563838476912704,0.006105206239196243,0.5670476148317691
ggZZ,CMS_ctag2d,Down,6,0.006105206239196243,0.007522517248260182,0.1208428857632513
ggZZ,CMS_ctag2d,Down,7,0.007522517248260182,0.009719243336259968,0.14219981267051773
ggZZ,CMS_ctag2d,Down,8,0.009719243336259968,0.013643487834444395,0.17829654435427278
ggZZ,CMS_ctag2d,Down,9,0.013643487834444395,0.022087249077993153,0.24069923795127046
ggZZ,CMS_ctag2d,Down,10,0.022087249077993153,0.04393358703334,0.31554158079468486
ggZZ,CMS_ctag2d,Down,11,0.04393358703334,0.10073404070562539,0.32330492769943575
ggZZ,CMS_ctag2d,Down,12,0.10073404070562539,0.23767632438315117,0.2908821739714025
ggZZ,CMS_ctag2d,Down,13,0.23767632438315117,0.4957539730742803,0.29194044929073115
ggZZ,CMS_ctag2d,Down,14,0.4957539730742803,1.0,0.2687673637472985
ggZZ,CMS_ctag2d,Up,0,0.0,0.0009567917389306952,0.2734703541501181
ggZZ,CMS_ctag2d,Up,1,0.0009567917389306952,0.0011761846848516988,0.23231644096121862
ggZZ,CMS_ctag2d,Up,2,0.0011761846848516988,0.002029518495153339,0.6707301794777624
ggZZ,CMS_ctag2d,Up,3,0.002029518495153339,0.0024498090280613213,0.20851391574339329
ggZZ,CMS_ctag2d,Up,4,0.0024498090280613213,0.0029563838476912704,0.18270221357577032
ggZZ,CMS_ctag2d,Up,5,0.0029563838476912704,0.006105206239196243,0.5847972067478213
ggZZ,CMS_ctag2d,Up,6,0.006105206239196243,0.007522517248260182,0.1234436529323153
ggZZ,CMS_ctag2d,Up,7,0.007522517248260182,0.009719243336259968,0.14244266553475704
ggZZ,CMS_ctag2d,Up,8,0.009719243336259968,0.013643487834444395,0.181933592958488
ggZZ,CMS_ctag2d,Up,9,0.013643487834444395,0.022087249077993153,0.2548440921181552
ggZZ,CMS_ctag2d,Up,10,0.022087249077993153,0.04393358703334,0.3295313964329809
ggZZ,CMS_ctag2d,Up,11,0.04393358703334,0.10073404070562539,0.33422949317594863
ggZZ,CMS_ctag2d,Up,12,0.10073404070562539,0.23767632438315117,0.31396897624112663
ggZZ,CMS_ctag2d,Up,13,0.23767632438315117,0.4957539730742803,0.297844883015133
ggZZ,CMS_ctag2d,Up,14,0.4957539730742803,1.0,0.29611480020549497
ggZZ,CMS_eff_e_reco_20to75,Down,0,0.0,0.0009567917389306952,0.2655626732283033
ggZZ,CMS_eff_e_reco_20to75,Down,1,0.0009567917389306952,0.0011761846848516988,0.22164382480758466
ggZZ,CMS_eff_e_reco_20to75,Down,2,0.0011761846848516988,0.002029518495153339,0.6393207422629075
ggZZ,CMS_eff_e_reco_20to75,Down,3,0.002029518495153339,0.0024498090280613213,0.19331255549378157
ggZZ,CMS_eff_e_reco_20to75,Down,4,0.0024498090280613213,0.0029563838476912704,0.1758788448997617
ggZZ,CMS_eff_e_reco_20to75,Down,5,0.0029563838476912704,0.006105206239196243,0.5537689713776943
ggZZ,CMS_eff_e_reco_20to75,Down,6,0.006105206239196243,0.007522517248260182,0.11958583111062504
ggZZ,CMS_eff_e_reco_20to75,Down,7,0.007522517248260182,0.009719243336259968,0.13961858185084086
ggZZ,CMS_eff_e_reco_20to75,Down,8,0.009719243336259968,0.013643487834444395,0.17332729301191696
ggZZ,CMS_eff_e_reco_20to75,Down,9,0.013643487834444395,0.022087249077993153,0.2377900756272915
ggZZ,CMS_eff_e_reco_20to75,Down,10,0.022087249077993153,0.04393358703334,0.3105497844819789
ggZZ,CMS_eff_e_reco_20to75,Down,11,0.04393358703334,0.10073404070562539,0.3158849484037356
ggZZ,CMS_eff_e_reco_20to75,Down,12,0.10073404070562539,0.23767632438315117,0.2876252733152467
ggZZ,CMS_eff_e_reco_20to75,Down,13,0.23767632438315117,0.4957539730742803,0.2856838101924555
ggZZ,CMS_eff_e_reco_20to75,Down,14,0.4957539730742803,1.0,0.2714384332267388
ggZZ,CMS_eff_e_reco_20to75,Up,0,0.0,0.0009567917389306952,0.26602841696720136
ggZZ,CMS_eff_e_reco_20to75,Up,1,0.0009567917389306952,0.0011761846848516988,0.22392852996592677
ggZZ,CMS_eff_e_reco_20to75,Up,2,0.0011761846848516988,0.002029518495153339,0.6547420635630019
ggZZ,CMS_eff_e_reco_20to75,Up,3,0.002029518495153339,0.0024498090280613213,0.19889073097640653
ggZZ,CMS_eff_e_reco_20to75,Up,4,0.0024498090280613213,0.0029563838476912704,0.18057434328933453
ggZZ,CMS_eff_e_reco_20to75,Up,5,0.0029563838476912704,0.006105206239196243,0.5663733681513383
ggZZ,CMS_eff_e_reco_20to75,Up,6,0.006105206239196243,0.007522517248260182,0.1217244908605366
ggZZ,CMS_eff_e_reco_20to75,Up,7,0.007522517248260182,0.009719243336259968,0.14173574688742363
ggZZ,CMS_eff_e_reco_20to75,Up,8,0.009719243336259968,0.013643487834444395,0.17617810549424906
ggZZ,CMS_eff_e_reco_20to75,Up,9,0.013643487834444395,0.022087249077993153,0.24117219805535672
ggZZ,CMS_eff_e_reco_20to75,Up,10,0.022087249077993153,0.04393358703334,0.31517798864743973
ggZZ,CMS_eff_e_reco_20to75,Up,11,0.04393358703334,0.10073404070562539,0.32105709901673674
ggZZ,CMS_eff_e_reco_20to75,Up,12,0.10073404070562539,0.23767632438315117,0.29288911585959543
ggZZ,CMS_eff_e_reco_20to75,Up,13,0.23767632438315117,0.4957539730742803,0.2916170246176506
ggZZ,CMS_eff_e_reco_20to75,Up,14,0.4957539730742803,1.0,0.27678336762279265
ggZZ,CMS_eff_e_reco_above75,Down,0,0.0,0.0009567917389306952,0.2657844564060324
ggZZ,CMS_eff_e_reco_above75,Down,1,0.0009567917389306952,0.0011761846848516988,0.2227261999245943
ggZZ,CMS_eff_e_reco_above75,Down,2,0.0011761846848516988,0.002029518495153339,0.6466342957535747
ggZZ,CMS_eff_e_reco_above75,Down,3,0.002029518495153339,0.0024498090280613213,0.1959982913858811
ggZZ,CMS_eff_e_reco_above75,Down,4,0.0024498090280613213,0.0029563838476912704,0.17812171969554447
ggZZ,CMS_eff_e_reco_above75,Down,5,0.0029563838476912704,0.006105206239196243,0.5596427196933547
ggZZ,CMS_eff_e_reco_above75,Down,6,0.006105206239196243,0.007522517248260182,0.12059512570456654
ggZZ,CMS_eff_e_reco_above75,Down,7,0.007522517248260182,0.009719243336259968,0.1406450753136994
ggZZ,CMS_eff_e_reco_above75,Down,8,0.009719243336259968,0.013643487834444395,0.17470277606502194
ggZZ,CMS_eff_e_reco_above75,Down,9,0.013643487834444395,0.022087249077993153,0.23942710606299933
ggZZ,CMS_eff_e_reco_above75,Down,10,0.022087249077993153,0.04393358703334,0.31281904623275514
ggZZ,CMS_eff_e_reco_above75,Down,11,0.04393358703334,0.10073404070562539,0.31837635394353203
ggZZ,CMS_eff_e_reco_above75,Down,12,0.10073404070562539,0.23767632438315117,0.2901834850806999
ggZZ,CMS_eff_e_reco_above75,Down,13,0.23767632438315117,0.4957539730742803,0.2885904973975184
ggZZ,CMS_eff_e_reco_above75,Down,14,0.4957539730742803,1.0,0.27407464122376224
ggZZ,CMS_eff_e_reco_above75,Up,0,0.0,0.0009567917389306952,0.2658019400506206
ggZZ,CMS_eff_e_reco_above75,Up,1,0.0009567917389306952,0.0011761846848516988,0.22281710070832073
ggZZ,CMS_eff_e_reco_above75,Up,2,0.0011761846848516988,0.002029518495153339,0.6472206586854028
ggZZ,CMS_eff_e_reco_above75,Up,3,0.002029518495153339,0.0024498090280613213,0.1961423090810217
ggZZ,CMS_eff_e_reco_above75,Up,4,0.0024498090280613213,0.0029563838476912704,0.17829001196841698
ggZZ,CMS_eff_e_reco_above75,Up,5,0.0029563838476912704,0.006105206239196243,0.5604020800006451
ggZZ,CMS_eff_e_reco_above75,Up,6,0.006105206239196243,0.007522517248260182,0.12070211535819642
ggZZ,CMS_eff_e_reco_above75,Up,7,0.007522517248260182,0.009719243336259968,0.1406955209727916
ggZZ,CMS_eff_e_reco_above75,Up,8,0.009719243336259968,0.013643487834444395,0.17476927919723284
ggZZ,CMS_eff_e_reco_above75,Up,9,0.013643487834444395,0.022087249077993153,0.23951189649765592
ggZZ,CMS_eff_e_reco_above75,Up,10,0.022087249077993153,0.04393358703334,0.3128750236016824
ggZZ,CMS_eff_e_reco_above75,Up,11,0.04393358703334,0.10073404070562539,0.318526438064898
ggZZ,CMS_eff_e_reco_above75,Up,12,0.10073404070562539,0.23767632438315117,0.2902960029710031
ggZZ,CMS_eff_e_reco_above75,Up,13,0.23767632438315117,0.4957539730742803,0.2886649615841632
ggZZ,CMS_eff_e_reco_above75,Up,14,0.4957539730742803,1.0,0.2741112516290478
ggZZ,CMS_eff_e_reco_below20,Down,0,0.0,0.0009567917389306952,0.26461340757773993
ggZZ,CMS_eff_e_reco_below20,Down,1,0.0009567917389306952,0.0011761846848516988,0.21974452757119917
ggZZ,CMS_eff_e_reco_below20,Down,2,0.0011761846848516988,0.002029518495153339,0.6296193228802103
ggZZ,CMS_eff_e_reco_below20,Down,3,0.002029518495153339,0.0024498090280613213,0.1893582182041582
ggZZ,CMS_eff_e_reco_below20,Down,4,0.0024498090280613213,0.0029563838476912704,0.17249363792202144
ggZZ,CMS_eff_e_reco_below20,Down,5,0.0029563838476912704,0.006105206239196243,0.5402778402329653
ggZZ,CMS_eff_e_reco_below20,Down,6,0.006105206239196243,0.007522517248260182,0.11632662545919015
ggZZ,CMS_eff_e_reco_below20,Down,7,0.007522517248260182,0.009719243336259968,0.13564724027871256
ggZZ,CMS_eff_e_reco_below20,Down,8,0.009719243336259968,0.013643487834444395,0.1689569719152706
ggZZ,CMS_eff_e_reco_below20,Down,9,0.013643487834444395,0.022087249077993153,0.23048980370336247
ggZZ,CMS_eff_e_reco_below20,Down,10,0.022087249077993153,0.04393358703334,0.30138219037712766
ggZZ,CMS_eff_e_reco_below20,Down,11,0.04393358703334,0.10073404070562539,0.3054659536103239
ggZZ,CMS_eff_e_reco_below20,Down,12,0.10073404070562539,0.23767632438315117,0.27836895806856266
ggZZ,CMS_eff_e_reco_below20,Down,13,0.23767632438315117,0.4957539730742803,0.275479991477356
ggZZ,CMS_eff_e_reco_below20,Down,14,0.4957539730742803,1.0,0.2638437287156856
ggZZ,CMS_eff_e_reco_below20,Up,0,0.0,0.0009567917389306952,0.2669850473063892
ggZZ,CMS_eff_e_reco_below20,Up,1,0.0009567917389306952,0.0011761846848516988,0.22589051201549393
ggZZ,CMS_eff_e_reco_below20,Up,2,0.0011761846848516988,0.002029518495153339,0.6648332946567581
ggZZ,CMS_eff_e_reco_below20,Up,3,0.002029518495153339,0.0024498090280613213,0.20298878066651227
ggZZ,CMS_eff_e_reco_below20,Up,4,0.0024498090280613213,0.0029563838476912704,0.18424681068234805
ggZZ,CMS_eff_e_reco_below20,Up,5,0.0029563838476912704,0.006105206239196243,0.5806850661051053
ggZZ,CMS_eff_e_reco_below20,Up,6,0.006105206239196243,0.007522517248260182,0.12518222353984898
ggZZ,CMS_eff_e_reco_below20,Up,7,0.007522517248260182,0.009719243336259968,0.14604594528911496
ggZZ,CMS_eff_e_reco_below20,Up,8,0.009719243336259968,0.013643487834444395,0.18088778692717344
ggZZ,CMS_eff_e_reco_below20,Up,9,0.013643487834444395,0.022087249077993153,0.24926006865614836
ggZZ,CMS_eff_e_reco_below20,Up,10,0.022087249077993153,0.04393358703334,0.32524781688592075
ggZZ,CMS_eff_e_reco_below20,Up,11,0.04393358703334,0.10073404070562539,0.332488154506267
ggZZ,CMS_eff_e_reco_below20,Up,12,0.10073404070562539,0.23767632438315117,0.30306465008439476
ggZZ,CMS_eff_e_reco_below20,Up,13,0.23767632438315117,0.4957539730742803,0.30260085311270446
ggZZ,CMS_eff_e_reco_below20,Up,14,0.4957539730742803,1.0,0.2848991133760883
ggZZ,CMS_pileup,Down,0,0.0,0.0009567917389306952,0.2684454898918778
ggZZ,CMS_pileup,Down,1,0.0009567917389306952,0.0011761846848516988,0.22192994427145557
ggZZ,CMS_pileup,Down,2,0.0011761846848516988,0.002029518495153339,0.6510590797601754
ggZZ,CMS_pileup,Down,3,0.002029518495153339,0.0024498090280613213,0.1946516203742834
ggZZ,CMS_pileup,Down,4,0.0024498090280613213,0.0029563838476912704,0.1795800683608435
ggZZ,CMS_pileup,Down,5,0.0029563838476912704,0.006105206239196243,0.5651200031471535
ggZZ,CMS_pileup,Down,6,0.006105206239196243,0.007522517248260182,0.12097610761634092
ggZZ,CMS_pileup,Down,7,0.007522517248260182,0.009719243336259968,0.14243929852873816
ggZZ,CMS_pileup,Down,8,0.009719243336259968,0.013643487834444395,0.17711642863411692
ggZZ,CMS_pileup,Down,9,0.013643487834444395,0.022087249077993153,0.24103664562728122
ggZZ,CMS_pileup,Down,10,0.022087249077993153,0.04393358703334,0.3160089658385692
ggZZ,CMS_pileup,Down,11,0.04393358703334,0.10073404070562539,0.32186162688127595
ggZZ,CMS_pileup,Down,12,0.10073404070562539,0.23767632438315117,0.2901689593439558
ggZZ,CMS_pileup,Down,13,0.23767632438315117,0.4957539730742803,0.288668165842239
ggZZ,CMS_pileup,Down,14,0.4957539730742803,1.0,0.27440453685635324
ggZZ,CMS_pileup,Up,0,0.0,0.0009567917389306952,0.26294941122701965
ggZZ,CMS_pileup,Up,1,0.0009567917389306952,0.0011761846848516988,0.22268273499017732
ggZZ,CMS_pileup,Up,2,0.0011761846848516988,0.002029518495153339,0.6424944779726999
ggZZ,CMS_pileup,Up,3,0.002029518495153339,0.0024498090280613213,0.19621418761847176
ggZZ,CMS_pileup,Up,4,0.0024498090280613213,0.0029563838476912704,0.1767000879402123
ggZZ,CMS_pileup,Up,5,0.0029563838476912704,0.006105206239196243,0.5545121587963353
ggZZ,CMS_pileup,Up,6,0.006105206239196243,0.007522517248260182,0.12069521942179229
ggZZ,CMS_pileup,Up,7,0.007522517248260182,0.009719243336259968,0.14050823720431138
ggZZ,CMS_pileup,Up,8,0.009719243336259968,0.013643487834444395,0.17284576211982916
ggZZ,CMS_pileup,Up,9,0.013643487834444395,0.022087249077993153,0.2370277984999305
ggZZ,CMS_pileup,Up,10,0.022087249077993153,0.04393358703334,0.3084148560348634
ggZZ,CMS_pileup,Up,11,0.04393358703334,0.10073404070562539,0.3151524148054814
ggZZ,CMS_pileup,Up,12,0.10073404070562539,0.23767632438315117,0.2903290383101478
ggZZ,CMS_pileup,Up,13,0.23767632438315117,0.4957539730742803,0.28901899223663197
ggZZ,CMS_pileup,Up,14,0.4957539730742803,1.0,0.2729766821373323
ggZZ,ps_fsr,Down,0,0.0,0.0009567917389306952,0.26375252338912947
ggZZ,ps_fsr,Down,1,0.0009567917389306952,0.0011761846848516988,0.22325838124806469
ggZZ,ps_fsr,Down,2,0.0011761846848516988,0.002029518495153339,0.6487011502136029
ggZZ,ps_fsr,Down,3,0.002029518495153339,0.0024498090280613213,0.19302224389068678
ggZZ,ps_fsr,Down,4,0.0024498090280613213,0.0029563838476912704,0.17563194503769575
ggZZ,ps_fsr,Down,5,0.0029563838476912704,0.006105206239196243,0.548143660214111
ggZZ,ps_fsr,Down,6,0.006105206239196243,0.007522517248260182,0.11768962173642183
ggZZ,ps_fsr,Down,7,0.007522517248260182,0.009719243336259968,0.13540838939842326
ggZZ,ps_fsr,Down,8,0.009719243336259968,0.013643487834444395,0.17403565634332407
ggZZ,ps_fsr,Down,9,0.013643487834444395,0.022087249077993153,0.23773722406892128
ggZZ,ps_fsr,Down,10,0.022087249077993153,0.04393358703334,0.31454995084561777
ggZZ,ps_fsr,Down,11,0.04393358703334,0.10073404070562539,0.3197181626193508
ggZZ,ps_fsr,Down,12,0.10073404070562539,0.23767632438315117,0.29106891167388316
ggZZ,ps_fsr,Down,13,0.23767632438315117,0.4957539730742803,0.287361138616975
ggZZ,ps_fsr,Down,14,0.4957539730742803,1.0,0.27409325937158435
ggZZ,ps_fsr,Up,0,0.0,0.0009567917389306952,0.26791640614835277
ggZZ,ps_fsr,Up,1,0.0009567917389306952,0.0011761846848516988,0.22275091045200923
ggZZ,ps_fsr,Up,2,0.0011761846848516988,0.002029518495153339,0.6439818301290011
ggZZ,ps_fsr,Up,3,0.002029518495153339,0.0024498090280613213,0.19773815036210252
ggZZ,ps_fsr,Up,4,0.0024498090280613213,0.0029563838476912704,0.18071556351033013
ggZZ,ps_fsr,Up,5,0.0029563838476912704,0.006105206239196243,0.5638577973124439
ggZZ,ps_fsr,Up,6,0.006105206239196243,0.007522517248260182,0.1219020543010596
ggZZ,ps_fsr,Up,7,0.007522517248260182,0.009719243336259968,0.144179240620669
ggZZ,ps_fsr,Up,8,0.009719243336259968,0.013643487834444395,0.17639004278767834
ggZZ,ps_fsr,Up,9,0.013643487834444395,0.022087249077993153,0.24151625612738004
ggZZ,ps_fsr,Up,10,0.022087249077993153,0.04393358703334,0.313670482110453
ggZZ,ps_fsr,Up,11,0.04393358703334,0.10073404070562539,0.3204759186046915
ggZZ,ps_fsr,Up,12,0.10073404070562539,0.23767632438315117,0.29125091072584475
ggZZ,ps_fsr,Up,13,0.23767632438315117,0.4957539730742803,0.2920789111748454
ggZZ,ps_fsr,Up,14,0.4957539730742803,1.0,0.27348096448212145
ggZZ,ps_isr,Down,0,0.0,0.0009567917389306952,0.2786232951067178
ggZZ,ps_isr,Down,1,0.0009567917389306952,0.0011761846848516988,0.23541829330860242
ggZZ,ps_isr,Down,2,0.0011761846848516988,0.002029518495153339,0.6870839810636584
ggZZ,ps_isr,Down,3,0.002029518495153339,0.0024498090280613213,0.20916767929250724
ggZZ,ps_isr,Down,4,0.0024498090280613213,0.0029563838476912704,0.18929528600556322
ggZZ,ps_isr,Down,5,0.0029563838476912704,0.006105206239196243,0.6014863002876902
ggZZ,ps_isr,Down,6,0.006105206239196243,0.007522517248260182,0.12784873503088434
ggZZ,ps_isr,Down,7,0.007522517248260182,0.009719243336259968,0.15133363488205376
ggZZ,ps_isr,Down,8,0.009719243336259968,0.013643487834444395,0.18717319082285044
ggZZ,ps_isr,Down,9,0.013643487834444395,0.022087249077993153,0.2563630678794788
ggZZ,ps_isr,Down,10,0.022087249077993153,0.04393358703334,0.3368901828317954
ggZZ,ps_isr,Down,11,0.04393358703334,0.10073404070562539,0.34526421215820813
ggZZ,ps_isr,Down,12,0.10073404070562539,0.23767632438315117,0.3130812976884356
ggZZ,ps_isr,Down,13,0.23767632438315117,0.4957539730742803,0.3114468914185049
ggZZ,ps_isr,Down,14,0.4957539730742803,1.0,0.28741722999188113
ggZZ,ps_isr,Up,0,0.0,0.0009567917389306952,0.2548467729336129
ggZZ,ps_isr,Up,1,0.0009567917389306952,0.0011761846848516988,0.2124298982604761
ggZZ,ps_isr,Up,2,0.0011761846848516988,0.002029518495153339,0.6145033622836169
ggZZ,ps_isr,Up,3,0.002029518495153339,0.0024498090280613213,0.1854479006162244
ggZZ,ps_isr,Up,4,0.0024498090280613213,0.0029563838476912704,0.16918173255547342
ggZZ,ps_isr,Up,5,0.0029563838476912704,0.006105206239196243,0.5272737843753905
ggZZ,ps_isr,Up,6,0.006105206239196243,0.007522517248260182,0.11492683141807647
ggZZ,ps_isr,Up,7,0.007522517248260182,0.009719243336259968,0.1323481342924504
ggZZ,ps_isr,Up,8,0.009719243336259968,0.013643487834444395,0.16489886348786342
ggZZ,ps_isr,Up,9,0.013643487834444395,0.022087249077993153,0.2259228120900123
ggZZ,ps_isr,Up,10,0.022087249077993153,0.04393358703334,0.29386079761887096
ggZZ,ps_isr,Up,11,0.04393358703334,0.10073404070562539,0.2976113170598058
ggZZ,ps_isr,Up,12,0.10073404070562539,0.23767632438315117,0.27247479165378374
ggZZ,ps_isr,Up,13,0.23767632438315117,0.4957539730742803,0.2706171255769063
ggZZ,ps_isr,Up,14,0.4957539730742803,1.0,0.2624300857228272
qqZZ,,nominal,0,0.0,0.0009567917389306952,4.272653284071276
qqZZ,,nominal,1,0.0009567917389306952,0.0011761846848516988,4.272479618936628
qqZZ,,nominal,2,0.0011761846848516988,0.002029518495153339,12.816601733548492
qqZZ,,nominal,3,0.002029518495153339,0.0024498090280613213,4.281253270710824
qqZZ,,nominal,4,0.0024498090280613213,0.0029563838476912704,4.283787175958551
qqZZ,,nominal,5,0.0029563838476912704,0.006105206239196243,17.077184641626538
qqZZ,,nominal,6,0.006105206239196243,0.007522517248260182,4.27550649263204
qqZZ,,nominal,7,0.007522517248260182,0.009719243336259968,4.277934337330365
qqZZ,,nominal,8,0.009719243336259968,0.013643487834444395,4.277491910697137
qqZZ,,nominal,9,0.013643487834444395,0.022087249077993153,4.275356669106621
qqZZ,,nominal,10,0.022087249077993153,0.04393358703334,4.277518221308071
qqZZ,,nominal,11,0.04393358703334,0.10073404070562539,4.275566656603374
qqZZ,,nominal,12,0.10073404070562539,0.23767632438315117,4.2722356869239775
qqZZ,,nominal,13,0.23767632438315117,0.4957539730742803,4.284113241198796
qqZZ,,nominal,14,0.4957539730742803,1.0,4.250787485837293
qqZZ,CMS_ctag2d,Down,0,0.0,0.0009567917389306952,4.359736219402054
qqZZ,CMS_ctag2d,Down,1,0.0009567917389306952,0.0011761846848516988,4.371675705748988
qqZZ,CMS_ctag2d,Down,2,0.0011761846848516988,0.002029518495153339,12.895059281254062
qqZZ,CMS_ctag2d,Down,3,0.002029518495153339,0.0024498090280613213,4.3071157425939965
qqZZ,CMS_ctag2d,Down,4,0.0024498090280613213,0.0029563838476912704,4.252612693331482
qqZZ,CMS_ctag2d,Down,5,0.0029563838476912704,0.006105206239196243,17.129021535810917
qqZZ,CMS_ctag2d,Down,6,0.006105206239196243,0.007522517248260182,4.296092240091916
qqZZ,CMS_ctag2d,Down,7,0.007522517248260182,0.009719243336259968,4.280644225540733
qqZZ,CMS_ctag2d,Down,8,0.009719243336259968,0.013643487834444395,4.260294930045717
qqZZ,CMS_ctag2d,Down,9,0.013643487834444395,0.022087249077993153,4.2773009641251605
qqZZ,CMS_ctag2d,Down,10,0.022087249077993153,0.04393358703334,4.2801033363231795
qqZZ,CMS_ctag2d,Down,11,0.04393358703334,0.10073404070562539,4.294935330832729
qqZZ,CMS_ctag2d,Down,12,0.10073404070562539,0.23767632438315117,4.293809449402531
qqZZ,CMS_ctag2d,Down,13,0.23767632438315117,0.4957539730742803,4.348699278728645
qqZZ,CMS_ctag2d,Down,14,0.4957539730742803,1.0,4.121840278813352
qqZZ,CMS_ctag2d,Up,0,0.0,0.0009567917389306952,4.275296885292539
qqZZ,CMS_ctag2d,Up,1,0.0009567917389306952,0.0011761846848516988,4.4700207889704515
qqZZ,CMS_ctag2d,Up,2,0.0011761846848516988,0.002029518495153339,13.721336893978803
qqZZ,CMS_ctag2d,Up,3,0.002029518495153339,0.0024498090280613213,4.612135603572703
qqZZ,CMS_ctag2d,Up,4,0.0024498090280613213,0.0029563838476912704,4.744018557870948
qqZZ,CMS_ctag2d,Up,5,0.0029563838476912704,0.006105206239196243,18.565786608374307
qqZZ,CMS_ctag2d,Up,6,0.006105206239196243,0.007522517248260182,4.719806786828137
qqZZ,CMS_ctag2d,Up,7,0.007522517248260182,0.009719243336259968,4.71624046405978
qqZZ,CMS_ctag2d,Up,8,0.009719243336259968,0.013643487834444395,4.835444621553151
qqZZ,CMS_ctag2d,Up,9,0.013643487834444395,0.022087249077993153,4.665142090778403
qqZZ,CMS_ctag2d,Up,10,0.022087249077993153,0.04393358703334,4.677996481755173
qqZZ,CMS_ctag2d,Up,11,0.04393358703334,0.10073404070562539,4.6645063940740386
qqZZ,CMS_ctag2d,Up,12,0.10073404070562539,0.23767632438315117,4.703282586702954
qqZZ,CMS_ctag2d,Up,13,0.23767632438315117,0.4957539730742803,4.547861395254316
qqZZ,CMS_ctag2d,Up,14,0.4957539730742803,1.0,4.950744494474947
qqZZ,CMS_eff_e_reco_20to75,Down,0,0.0,0.0009567917389306952,4.270984817151132
qqZZ,CMS_eff_e_reco_20to75,Down,1,0.0009567917389306952,0.0011761846848516988,4.267848316045163
qqZZ,CMS_eff_e_reco_20to75,Down,2,0.0011761846848516988,0.002029518495153339,12.770204397309247
qqZZ,CMS_eff_e_reco_20to75,Down,3,0.002029518495153339,0.0024498090280613213,4.251392660084377
qqZZ,CMS_eff_e_reco_20to75,Down,4,0.0024498090280613213,0.0029563838476912704,4.247118367742608
qqZZ,CMS_eff_e_reco_20to75,Down,5,0.0029563838476912704,0.006105206239196243,16.904710595090272
qqZZ,CMS_eff_e_reco_20to75,Down,6,0.006105206239196243,0.007522517248260182,4.235792883808891
qqZZ,CMS_eff_e_reco_20to75,Down,7,0.007522517248260182,0.009719243336259968,4.236581430126492
qqZZ,CMS_eff_e_reco_20to75,Down,8,0.009719243336259968,0.013643487834444395,4.237528693386494
qqZZ,CMS_eff_e_reco_20to75,Down,9,0.013643487834444395,0.022087249077993153,4.235235262809667
qqZZ,CMS_eff_e_reco_20to75,Down,10,0.022087249077993153,0.04393358703334,4.240245709720881
qqZZ,CMS_eff_e_reco_20to75,Down,11,0.04393358703334,0.10073404070562539,4.237504513273862
qqZZ,CMS_eff_e_reco_20to75,Down,12,0.10073404070562539,0.23767632438315117,4.226891131489921
qqZZ,CMS_eff_e_reco_20to75,Down,13,0.23767632438315117,0.4957539730742803,4.236250447370878
qqZZ,CMS_eff_e_reco_20to75,Down,14,0.4957539730742803,1.0,4.197071318599924
qqZZ,CMS_eff_e_reco_20to75,Up,0,0.0,0.0009567917389306952,4.274339270442726
qqZZ,CMS_eff_e_reco_20to75,Up,1,0.0009567917389306952,0.0011761846848516988,4.277230098342012
qqZZ,CMS_eff_e_reco_20to75,Up,2,0.0011761846848516988,0.002029518495153339,12.863980229914434
qqZZ,CMS_eff_e_reco_20to75,Up,3,0.002029518495153339,0.0024498090280613213,4.311475085419893
qqZZ,CMS_eff_e_reco_20to75,Up,4,0.0024498090280613213,0.0029563838476912704,4.32095670724247
qqZZ,CMS_eff_e_reco_20to75,Up,5,0.0029563838476912704,0.006105206239196243,17.25145591771115
qqZZ,CMS_eff_e_reco_20to75,Up,6,0.006105206239196243,0.007522517248260182,4.315627493273837
qqZZ,CMS_eff_e_reco_20to75,Up,7,0.007522517248260182,0.009719243336259968,4.319690534991182
qqZZ,CMS_eff_e_reco_20to75,Up,8,0.009719243336259968,0.013643487834444395,4.3177877618163905
qqZZ,CMS_eff_e_reco_20to75,Up,9,0.013643487834444395,0.022087249077993153,4.316106796806039
qqZZ,CMS_eff_e_reco_20to75,Up,10,0.022087249077993153,0.04393358703334,4.315124684974691
qqZZ,CMS_eff_e_reco_20to75,Up,11,0.04393358703334,0.10073404070562539,4.31415671816309
qqZZ,CMS_eff_e_reco_20to75,Up,12,0.10073404070562539,0.23767632438315117,4.318032586055239
qqZZ,CMS_eff_e_reco_20to75,Up,13,0.23767632438315117,0.4957539730742803,4.332405414023441
qqZZ,CMS_eff_e_reco_20to75,Up,14,0.4957539730742803,1.0,4.305081759395279
qqZZ,CMS_eff_e_reco_above75,Down,0,0.0,0.0009567917389306952,4.2724159791278025
qqZZ,CMS_eff_e_reco_above75,Down,1,0.0009567917389306952,0.0011761846848516988,4.27210034402921
qqZZ,CMS_eff_e_reco_above75,Down,2,0.0011761846848516988,0.002029518495153339,12.811590388291243
qqZZ,CMS_eff_e_reco_above75,Down,3,0.002029518495153339,0.0024498090280613213,4.27865074754191
qqZZ,CMS_eff_e_reco_above75,Down,4,0.0024498090280613213,0.0029563838476912704,4.280028450441922
qqZZ,CMS_eff_e_reco_above75,Down,5,0.0029563838476912704,0.006105206239196243,17.061956402807905
qqZZ,CMS_eff_e_reco_above75,Down,6,0.006105206239196243,0.007522517248260182,4.272498806888919
qqZZ,CMS_eff_e_reco_above75,Down,7,0.007522517248260182,0.009719243336259968,4.274539838469181
qqZZ,CMS_eff_e_reco_above75,Down,8,0.009719243336259968,0.013643487834444395,4.273832916703043
qqZZ,CMS_eff_e_reco_above75,Down,9,0.013643487834444395,0.022087249077993153,4.271732100879319
qqZZ,CMS_eff_e_reco_above75,Down,10,0.022087249077993153,0.04393358703334,4.273177797959548
qqZZ,CMS_eff_e_reco_above75,Down,11,0.04393358703334,0.10073404070562539,4.27164089638336
qqZZ,CMS_eff_e_reco_above75,Down,12,0.10073404070562539,0.23767632438315117,4.268952312300726
qqZZ,CMS_eff_e_reco_above75,Down,13,0.23767632438315117,0.4957539730742803,4.2813723444789105
qqZZ,CMS_eff_e_reco_above75,Down,14,0.4957539730742803,1.0,4.2501895856454155
qqZZ,CMS_eff_e_reco_above75,Up,0,0.0,0.0009567917389306952,4.272890589014748
qqZZ,CMS_eff_e_reco_above75,Up,1,0.0009567917389306952,0.0011761846848516988,4.272860087013342
qqZZ,CMS_eff_e_reco_above75,Up,2,0.0011761846848516988,0.002029518495153339,12.82161944361633
qqZZ,CMS_eff_e_reco_above75,Up,3,0.002029518495153339,0.0024498090280613213,4.283864323824307
qqZZ,CMS_eff_e_reco_above75,Up,4,0.0024498090280613213,0.0029563838476912704,4.287548398392548
qqZZ,CMS_eff_e_reco_above75,Up,5,0.0029563838476912704,0.006105206239196243,17.092438861093257
qqZZ,CMS_eff_e_reco_above75,Up,6,0.006105206239196243,0.007522517248260182,4.278532885908987
qqZZ,CMS_eff_e_reco_above75,Up,7,0.007522517248260182,0.009719243336259968,4.281345602071518
qqZZ,CMS_eff_e_reco_above75,Up,8,0.009719243336259968,0.013643487834444395,4.281172379797795
qqZZ,CMS_eff_e_reco_above75,Up,9,0.013643487834444395,0.022087249077993153,4.279016217644752
qqZZ,CMS_eff_e_reco_above75,Up,10,0.022087249077993153,0.04393358703334,4.281890881691282
qqZZ,CMS_eff_e_reco_above75,Up,11,0.04393358703334,0.10073404070562539,4.279500180684693
qqZZ,CMS_eff_e_reco_above75,Up,12,0.10073404070562539,0.23767632438315117,4.275520544060029
qqZZ,CMS_eff_e_reco_above75,Up,13,0.23767632438315117,0.4957539730742803,4.2868541758100775
qqZZ,CMS_eff_e_reco_above75,Up,14,0.4957539730742803,1.0,4.251385386029057
qqZZ,CMS_eff_e_reco_below20,Down,0,0.0,0.0009567917389306952,4.256114788388301
qqZZ,CMS_eff_e_reco_below20,Down,1,0.0009567917389306952,0.0011761846848516988,4.258001108170186
qqZZ,CMS_eff_e_reco_below20,Down,2,0.0011761846848516988,0.002029518495153339,12.69677143959317
qqZZ,CMS_eff_e_reco_below20,Down,3,0.002029518495153339,0.0024498090280613213,4.204567373764974
qqZZ,CMS_eff_e_reco_below20,Down,4,0.0024498090280613213,0.0029563838476912704,4.189321612164392
qqZZ,CMS_eff_e_reco_below20,Down,5,0.0029563838476912704,0.006105206239196243,16.397550270867242
qqZZ,CMS_eff_e_reco_below20,Down,6,0.006105206239196243,0.007522517248260182,4.055031795654941
qqZZ,CMS_eff_e_reco_below20,Down,7,0.007522517248260182,0.009719243336259968,4.032250836794617
qqZZ,CMS_eff_e_reco_below20,Down,8,0.009719243336259968,0.013643487834444395,4.031558489969385
qqZZ,CMS_eff_e_reco_below20,Down,9,0.013643487834444395,0.022087249077993153,4.046664220798775
qqZZ,CMS_eff_e_reco_below20,Down,10,0.022087249077993153,0.04393358703334,4.096787562092885
qqZZ,CMS_eff_e_reco_below20,Down,11,0.04393358703334,0.10073404070562539,4.115735758668549
qqZZ,CMS_eff_e_reco_below20,Down,12,0.10073404070562539,0.23767632438315117,4.109382146626487
qqZZ,CMS_eff_e_reco_below20,Down,13,0.23767632438315117,0.4957539730742803,4.115443771486767
qqZZ,CMS_eff_e_reco_below20,Down,14,0.4957539730742803,1.0,4.076339046986149
qqZZ,CMS_eff_e_reco_below20,Up,0,0.0,0.0009567917389306952,4.28921887624109
qqZZ,CMS_eff_e_reco_below20,Up,1,0.0009567917389306952,0.0011761846848516988,4.287331023446674
qqZZ,CMS_eff_e_reco_below20,Up,2,0.0011761846848516988,0.002029518495153339,12.940666339068821
qqZZ,CMS_eff_e_reco_below20,Up,3,0.002029518495153339,0.0024498090280613213,4.361121242769553
qqZZ,CMS_eff_e_reco_below20,Up,4,0.0024498090280613213,0.0029563838476912704,4.382669093054368
qqZZ,CMS_eff_e_reco_below20,Up,5,0.0029563838476912704,0.006105206239196243,17.789300765505004
qqZZ,CMS_eff_e_reco_below20,Up,6,0.006105206239196243,0.007522517248260182,4.508384819980662
qqZZ,CMS_eff_e_reco_below20,Up,7,0.007522517248260182,0.009719243336259968,4.5378790015080455
qqZZ,CMS_eff_e_reco_below20,Up,8,0.009719243336259968,0.013643487834444395,4.540234658205435
qqZZ,CMS_eff_e_reco_below20,Up,9,0.013643487834444395,0.022087249077993153,4.51957968450958
qqZZ,CMS_eff_e_reco_below20,Up,10,0.022087249077993153,0.04393358703334,4.471195023061426
qqZZ,CMS_eff_e_reco_below20,Up,11,0.04393358703334,0.10073404070562539,4.44636785615414
qqZZ,CMS_eff_e_reco_below20,Up,12,0.10073404070562539,0.23767632438315117,4.44395842831436
qqZZ,CMS_eff_e_reco_below20,Up,13,0.23767632438315117,0.4957539730742803,4.462707603640638
qqZZ,CMS_eff_e_reco_below20,Up,14,0.4957539730742803,1.0,4.4349952204404275
qqZZ,CMS_pileup,Down,0,0.0,0.0009567917389306952,4.2954930869817485
qqZZ,CMS_pileup,Down,1,0.0009567917389306952,0.0011761846848516988,4.305352661317119
qqZZ,CMS_pileup,Down,2,0.0011761846848516988,0.002029518495153339,12.85449195205094
qqZZ,CMS_pileup,Down,3,0.002029518495153339,0.0024498090280613213,4.291207111079395
qqZZ,CMS_pileup,Down,4,0.0024498090280613213,0.0029563838476912704,4.317541335245053
qqZZ,CMS_pileup,Down,5,0.0029563838476912704,0.006105206239196243,17.217103773319188
qqZZ,CMS_pileup,Down,6,0.006105206239196243,0.007522517248260182,4.335434148156942
qqZZ,CMS_pileup,Down,7,0.007522517248260182,0.009719243336259968,4.344565784901164
qqZZ,CMS_pileup,Down,8,0.009719243336259968,0.013643487834444395,4.344782123723405
qqZZ,CMS_pileup,Down,9,0.013643487834444395,0.022087249077993153,4.310260223286278
qqZZ,CMS_pileup,Down,10,0.022087249077993153,0.04393358703334,4.302906338348151
qqZZ,CMS_pileup,Down,11,0.04393358703334,0.10073404070562539,4.310868525123425
qqZZ,CMS_pileup,Down,12,0.10073404070562539,0.23767632438315117,4.315679282372912
qqZZ,CMS_pileup,Down,13,0.23767632438315117,0.4957539730742803,4.330459808915634
qqZZ,CMS_pileup,Down,14,0.4957539730742803,1.0,4.302802808342591
qqZZ,CMS_pileup,Up,0,0.0,0.0009567917389306952,4.250325394107135
qqZZ,CMS_pileup,Up,1,0.0009567917389306952,0.0011761846848516988,4.219654986803835
qqZZ,CMS_pileup,Up,2,0.0011761846848516988,0.002029518495153339,12.75634661978926
qqZZ,CMS_pileup,Up,3,0.002029518495153339,0.0024498090280613213,4.266509564539522
qqZZ,CMS_pileup,Up,4,0.0024498090280613213,0.0029563838476912704,4.231589667008688
qqZZ,CMS_pileup,Up,5,0.0029563838476912704,0.006105206239196243,16.948647022965197
qqZZ,CMS_pileup,Up,6,0.006105206239196243,0.007522517248260182,4.201258104559841
qqZZ,CMS_pileup,Up,7,0.007522517248260182,0.009719243336259968,4.213163293303907
qqZZ,CMS_pileup,Up,8,0.009719243336259968,0.013643487834444395,4.193811468478408
qqZZ,CMS_pileup,Up,9,0.013643487834444395,0.022087249077993153,4.239957279865827
qqZZ,CMS_pileup,Up,10,0.022087249077993153,0.04393358703334,4.248454773369346
qqZZ,CMS_pileup,Up,11,0.04393358703334,0.10073404070562539,4.2238917509306475
qqZZ,CMS_pileup,Up,12,0.10073404070562539,0.23767632438315117,4.230864416862076
qqZZ,CMS_pileup,Up,13,0.23767632438315117,0.4957539730742803,4.244295077740517
qqZZ,CMS_pileup,Up,14,0.4957539730742803,1.0,4.202021474584711
qqZZ,lhe_alphaS,Down,0,0.0,0.0009567917389306952,4.2141003745137695
qqZZ,lhe_alphaS,Down,1,0.0009567917389306952,0.0011761846848516988,4.2135780850130455
qqZZ,lhe_alphaS,Down,2,0.0011761846848516988,0.002029518495153339,12.634961622367976
qqZZ,lhe_alphaS,Down,3,0.002029518495153339,0.0024498090280613213,4.219829419418261
qqZZ,lhe_alphaS,Down,4,0.0024498090280613213,0.0029563838476912704,4.220214695810142
qqZZ,lhe_alphaS,Down,5,0.0029563838476912704,0.006105206239196243,16.825581095889575
qqZZ,lhe_alphaS,Down,6,0.006105206239196243,0.007522517248260182,4.211914971623507
qqZZ,lhe_alphaS,Down,7,0.007522517248260182,0.009719243336259968,4.2146944251471155
qqZZ,lhe_alphaS,Down,8,0.009719243336259968,0.013643487834444395,4.214213412148098
qqZZ,lhe_alphaS,Down,9,0.013643487834444395,0.022087249077993153,4.211591272957804
qqZZ,lhe_alphaS,Down,10,0.022087249077993153,0.04393358703334,4.2123983005758845
qqZZ,lhe_alphaS,Down,11,0.04393358703334,0.10073404070562539,4.21151907026254
qqZZ,lhe_alphaS,Down,12,0.10073404070562539,0.23767632438315117,4.210126979257595
qqZZ,lhe_alphaS,Down,13,0.23767632438315117,0.4957539730742803,4.219889601703684
qqZZ,lhe_alphaS,Down,14,0.4957539730742803,1.0,4.182013672466638
qqZZ,lhe_alphaS,Up,0,0.0,0.0009567917389306952,4.331206193628784
qqZZ,lhe_alphaS,Up,1,0.0009567917389306952,0.0011761846848516988,4.331381152860214
qqZZ,lhe_alphaS,Up,2,0.0011761846848516988,0.002029518495153339,12.998241844728867
qqZZ,lhe_alphaS,Up,3,0.002029518495153339,0.0024498090280613213,4.342677122003089
qqZZ,lhe_alphaS,Up,4,0.0024498090280613213,0.0029563838476912704,4.347359656106878
qqZZ,lhe_alphaS,Up,5,0.0029563838476912704,0.006105206239196243,17.328788187363553
qqZZ,lhe_alphaS,Up,6,0.006105206239196243,0.007522517248260182,4.3390980136404735
qqZZ,lhe_alphaS,Up,7,0.007522517248260182,0.009719243336259968,4.341174249513621
qqZZ,lhe_alphaS,Up,8,0.009719243336259968,0.013643487834444395,4.340770409245891
qqZZ,lhe_alphaS,Up,9,0.013643487834444395,0.022087249077993153,4.339122065255808
qqZZ,lhe_alphaS,Up,10,0.022087249077993153,0.04393358703334,4.342638142039476
qqZZ,lhe_alphaS,Up,11,0.04393358703334,0.10073404070562539,4.339614242943867
qqZZ,lhe_alphaS,Up,12,0.10073404070562539,0.23767632438315117,4.334344394589863
qqZZ,lhe_alphaS,Up,13,0.23767632438315117,0.4957539730742803,4.348336880693836
qqZZ,lhe_alphaS,Up,14,0.4957539730742803,1.0,4.319561299207123
qqZZ,lhe_pdf,Down,0,0.0,0.0009567917389306952,4.2539456386525245
qqZZ,lhe_pdf,Down,1,0.0009567917389306952,0.0011761846848516988,4.25362591738501
qqZZ,lhe_pdf,Down,2,0.0011761846848516988,0.002029518495153339,12.761056878148556
qqZZ,lhe_pdf,Down,3,0.002029518495153339,0.0024498090280613213,4.262788383045283
qqZZ,lhe_pdf,Down,4,0.0024498090280613213,0.0029563838476912704,4.265153542079311
qqZZ,lhe_pdf,Down,5,0.0029563838476912704,0.006105206239196243,17.002634080324576
qqZZ,lhe_pdf,Down,6,0.006105206239196243,0.007522517248260182,4.256972573141034
qqZZ,lhe_pdf,Down,7,0.007522517248260182,0.009719243336259968,4.259108705904012
qqZZ,lhe_pdf,Down,8,0.009719243336259968,0.013643487834444395,4.259173476380283
qqZZ,lhe_pdf,Down,9,0.013643487834444395,0.022087249077993153,4.257227893953264
qqZZ,lhe_pdf,Down,10,0.022087249077993153,0.04393358703334,4.259896274691613
qqZZ,lhe_pdf,Down,11,0.04393358703334,0.10073404070562539,4.258090536496738
qqZZ,lhe_pdf,Down,12,0.10073404070562539,0.23767632438315117,4.254545083222368
qqZZ,lhe_pdf,Down,13,0.23767632438315117,0.4957539730742803,4.266821876699069
qqZZ,lhe_pdf,Down,14,0.4957539730742803,1.0,4.233262248834933
qqZZ,lhe_pdf,Up,0,0.0,0.0009567917389306952,4.291360933766078
qqZZ,lhe_pdf,Up,1,0.0009567917389306952,0.0011761846848516988,4.29133332543934
qqZZ,lhe_pdf,Up,2,0.0011761846848516988,0.002029518495153339,12.872146584677928
qqZZ,lhe_pdf,Up,3,0.002029518495153339,0.0024498090280613213,4.2997181562878986
qqZZ,lhe_pdf,Up,4,0.0024498090280613213,0.0029563838476912704,4.302420810996697
qqZZ,lhe_pdf,Up,5,0.0029563838476912704,0.006105206239196243,17.15173520238767
qqZZ,lhe_pdf,Up,6,0.006105206239196243,0.007522517248260182,4.294040417306782
qqZZ,lhe_pdf,Up,7,0.007522517248260182,0.009719243336259968,4.2967599620662185
qqZZ,lhe_pdf,Up,8,0.009719243336259968,0.013643487834444395,4.295810344509448
qqZZ,lhe_pdf,Up,9,0.013643487834444395,0.022087249077993153,4.293485442747453
qqZZ,lhe_pdf,Up,10,0.022087249077993153,0.04393358703334,4.295140169304332
qqZZ,lhe_pdf,Up,11,0.04393358703334,0.10073404070562539,4.293042775140506
qqZZ,lhe_pdf,Up,12,0.10073404070562539,0.23767632438315117,4.289926298337576
qqZZ,lhe_pdf,Up,13,0.23767632438315117,0.4957539730742803,4.301404611933947
qqZZ,lhe_pdf,Up,14,0.4957539730742803,1.0,4.268312723291714
qqZZ,ps_fsr,Down,0,0.0,0.0009567917389306952,4.215311151311767
qqZZ,ps_fsr,Down,1,0.0009567917389306952,0.0011761846848516988,4.199752352653777
qqZZ,ps_fsr,Down,2,0.0011761846848516988,0.002029518495153339,12.752471335537944
qqZZ,ps_fsr,Down,3,0.002029518495153339,0.0024498090280613213,4.258001997689011
qqZZ,ps_fsr,Down,4,0.0024498090280613213,0.0029563838476912704,4.20840018611894
qqZZ,ps_fsr,Down,5,0.0029563838476912704,0.006105206239196243,16.824217387433713
qqZZ,ps_fsr,Down,6,0.006105206239196243,0.007522517248260182,4.19015890838439
qqZZ,ps_fsr,Down,7,0.007522517248260182,0.009719243336259968,4.173650625011831
qqZZ,ps_fsr,Down,8,0.009719243336259968,0.013643487834444395,4.258698277790188
qqZZ,ps_fsr,Down,9,0.013643487834444395,0.022087249077993153,4.194423194404706
qqZZ,ps_fsr,Down,10,0.022087249077993153,0.04393358703334,4.196439467614951
qqZZ,ps_fsr,Down,11,0.04393358703334,0.10073404070562539,4.162105841700168
qqZZ,ps_fsr,Down,12,0.10073404070562539,0.23767632438315117,4.178362249022669
qqZZ,ps_fsr,Down,13,0.23767632438315117,0.4957539730742803,4.25798118510032
qqZZ,ps_fsr,Down,14,0.4957539730742803,1.0,4.185182675346482
qqZZ,ps_fsr,Up,0,0.0,0.0009567917389306952,4.2772942891568775
qqZZ,ps_fsr,Up,1,0.0009567917389306952,0.0011761846848516988,4.314272758947663
qqZZ,ps_fsr,Up,2,0.0011761846848516988,0.002029518495153339,12.877003326973952
qqZZ,ps_fsr,Up,3,0.002029518495153339,0.0024498090280613213,4.312100369810288
qqZZ,ps_fsr,Up,4,0.0024498090280613213,0.0029563838476912704,4.309583340584801
qqZZ,ps_fsr,Up,5,0.0029563838476912704,0.006105206239196243,17.18659078684464
qqZZ,ps_fsr,Up,6,0.006105206239196243,0.007522517248260182,4.321439830895777
qqZZ,ps_fsr,Up,7,0.007522517248260182,0.009719243336259968,4.3137784949517695
qqZZ,ps_fsr,Up,8,0.009719243336259968,0.013643487834444395,4.281932840411564
qqZZ,ps_fsr,Up,9,0.013643487834444395,0.022087249077993153,4.31006227014398
qqZZ,ps_fsr,Up,10,0.022087249077993153,0.04393358703334,4.322584975077277
qqZZ,ps_fsr,Up,11,0.04393358703334,0.10073404070562539,4.315802681590398
qqZZ,ps_fsr,Up,12,0.10073404070562539,0.23767632438315117,4.314980723902551
qqZZ,ps_fsr,Up,13,0.23767632438315117,0.4957539730742803,4.308357006489729
qqZZ,ps_fsr,Up,14,0.4957539730742803,1.0,4.289705132460796
qqZZ,ps_isr,Down,0,0.0,0.0009567917389306952,4.371328100458523
qqZZ,ps_isr,Down,1,0.0009567917389306952,0.0011761846848516988,4.288290531711731
qqZZ,ps_isr,Down,2,0.0011761846848516988,0.002029518495153339,12.860424160771043
qqZZ,ps_isr,Down,3,0.002029518495153339,0.0024498090280613213,4.312159556254045
qqZZ,ps_isr,Down,4,0.0024498090280613213,0.0029563838476912704,4.325409091098244
qqZZ,ps_isr,Down,5,0.0029563838476912704,0.006105206239196243,17.2449714470793
qqZZ,ps_isr,Down,6,0.006105206239196243,0.007522517248260182,4.289096262684652
qqZZ,ps_isr,Down,7,0.007522517248260182,0.009719243336259968,4.293561386385903
qqZZ,ps_isr,Down,8,0.009719243336259968,0.013643487834444395,4.315994224118015
qqZZ,ps_isr,Down,9,0.013643487834444395,0.022087249077993153,4.320349947925379
qqZZ,ps_isr,Down,10,0.022087249077993153,0.04393358703334,4.321787841644365
qqZZ,ps_isr,Down,11,0.04393358703334,0.10073404070562539,4.320119757945733
qqZZ,ps_isr,Down,12,0.10073404070562539,0.23767632438315117,4.338237388846352
qqZZ,ps_isr,Down,13,0.23767632438315117,0.4957539730742803,4.318395380550342
qqZZ,ps_isr,Down,14,0.4957539730742803,1.0,4.2306750523421925
qqZZ,ps_isr,Up,0,0.0,0.0009567917389306952,4.195983886311452
qqZZ,ps_isr,Up,1,0.0009567917389306952,0.0011761846848516988,4.259234623422199
qqZZ,ps_isr,Up,2,0.0011761846848516988,0.002029518495153339,12.78578776185564
qqZZ,ps_isr,Up,3,0.002029518495153339,0.0024498090280613213,4.258233808354422
qqZZ,ps_isr,Up,4,0.0024498090280613213,0.0029563838476912704,4.253809513047418
qqZZ,ps_isr,Up,5,0.0029563838476912704,0.006105206239196243,16.956124433043485
qqZZ,ps_isr,Up,6,0.006105206239196243,0.007522517248260182,4.263172110693802
qqZZ,ps_isr,Up,7,0.007522517248260182,0.009719243336259968,4.265179905569326
qqZZ,ps_isr,Up,8,0.009719243336259968,0.013643487834444395,4.2488113788283215
qqZZ,ps_isr,Up,9,0.013643487834444395,0.022087249077993153,4.240080223131812
qqZZ,ps_isr,Up,10,0.022087249077993153,0.04393358703334,4.243528364863963
qqZZ,ps_isr,Up,11,0.04393358703334,0.10073404070562539,4.239205850913905
qqZZ,ps_isr,Up,12,0.10073404070562539,0.23767632438315117,4.221918246896337
qqZZ,ps_isr,Up,13,0.23767632438315117,0.4957539730742803,4.258805059345761
qqZZ,ps_isr,Up,14,0.4957539730742803,1.0,4.268465710188295
qqZZ,scalevar_muF,Down,0,0.0,0.0009567917389306952,4.381942269183113
qqZZ,scalevar_muF,Down,1,0.0009567917389306952,0.0011761846848516988,4.378434717135826
qqZZ,scalevar_muF,Down,2,0.0011761846848516988,0.002029518495153339,13.16815615559458
qqZZ,scalevar_muF,Down,3,0.002029518495153339,0.0024498090280613213,4.390483392537611
qqZZ,scalevar_muF,Down,4,0.0024498090280613213,0.0029563838476912704,4.397423622620554
qqZZ,scalevar_muF,Down,5,0.0029563838476912704,0.006105206239196243,17.52186183792708
qqZZ,scalevar_muF,Down,6,0.006105206239196243,0.007522517248260182,4.3969291313457575
qqZZ,scalevar_muF,Down,7,0.007522517248260182,0.009719243336259968,4.3981199536605615
qqZZ,scalevar_muF,Down,8,0.009719243336259968,0.013643487834444395,4.404074969439158
qqZZ,scalevar_muF,Down,9,0.013643487834444395,0.022087249077993153,4.398901418164343
qqZZ,scalevar_muF,Down,10,0.022087249077993153,0.04393358703334,4.396621408141854
qqZZ,scalevar_muF,Down,11,0.04393358703334,0.10073404070562539,4.386909005683663
qqZZ,scalevar_muF,Down,12,0.10073404070562539,0.23767632438315117,4.352837865932074
qqZZ,scalevar_muF,Down,13,0.23767632438315117,0.4957539730742803,4.4039402669527306
qqZZ,scalevar_muF,Down,14,0.4957539730742803,1.0,4.348351392022224
qqZZ,scalevar_muF,Up,0,0.0,0.0009567917389306952,4.092615478079308
qqZZ,scalevar_muF,Up,1,0.0009567917389306952,0.0011761846848516988,4.097183828748326
qqZZ,scalevar_muF,Up,2,0.0011761846848516988,0.002029518495153339,12.259019036983819
qqZZ,scalevar_muF,Up,3,0.002029518495153339,0.0024498090280613213,4.106277742203382
qqZZ,scalevar_muF,Up,4,0.0024498090280613213,0.0029563838476912704,4.107370100498592
qqZZ,scalevar_muF,Up,5,0.0029563838476912704,0.006105206239196243,16.371156175834784
qqZZ,scalevar_muF,Up,6,0.006105206239196243,0.007522517248260182,4.0851602309708
qqZZ,scalevar_muF,Up,7,0.007522517248260182,0.009719243336259968,4.089465797831664
qqZZ,scalevar_muF,Up,8,0.009719243336259968,0.013643487834444395,4.082063476538288
qqZZ,scalevar_muF,Up,9,0.013643487834444395,0.022087249077993153,4.086533374717256
qqZZ,scalevar_muF,Up,10,0.022087249077993153,0.04393358703334,4.096030538092776
qqZZ,scalevar_muF,Up,11,0.04393358703334,0.10073404070562539,4.106477390186896
qqZZ,scalevar_muF,Up,12,0.10073404070562539,0.23767632438315117,4.134126677491722
qqZZ,scalevar_muF,Up,13,0.23767632438315117,0.4957539730742803,4.112848669658845
qqZZ,scalevar_muF,Up,14,0.4957539730742803,1.0,4.098492177410094
qqZZ,scalevar_muR,Down,0,0.0,0.0009567917389306952,4.193162027292698
qqZZ,scalevar_muR,Down,1,0.0009567917389306952,0.0011761846848516988,4.217386390591378
qqZZ,scalevar_muR,Down,2,0.0011761846848516988,0.002029518495153339,12.636694273199499
qqZZ,scalevar_muR,Down,3,0.002029518495153339,0.0024498090280613213,4.224245766861074
qqZZ,scalevar_muR,Down,4,0.0024498090280613213,0.0029563838476912704,4.223459638528837
qqZZ,scalevar_muR,Down,5,0.0029563838476912704,0.006105206239196243,16.836960775238346
qqZZ,scalevar_muR,Down,6,0.006105206239196243,0.007522517248260182,4.214087636228314
qqZZ,scalevar_muR,Down,7,0.007522517248260182,0.009719243336259968,4.2182918368608995
qqZZ,scalevar_muR,Down,8,0.009719243336259968,0.013643487834444395,4.215807679167661
qqZZ,scalevar_muR,Down,9,0.013643487834444395,0.022087249077993153,4.213540028315002
qqZZ,scalevar_muR,Down,10,0.022087249077993153,0.04393358703334,4.216445825099456
qqZZ,scalevar_muR,Down,11,0.04393358703334,0.10073404070562539,4.218769264012124
qqZZ,scalevar_muR,Down,12,0.10073404070562539,0.23767632438315117,4.232799657324918
qqZZ,scalevar_muR,Down,13,0.23767632438315117,0.4957539730742803,4.227058653939821
qqZZ,scalevar_muR,Down,14,0.4957539730742803,1.0,4.208796099845074
qqZZ,scalevar_muR,Up,0,0.0,0.0009567917389306952,4.342639535456479
qqZZ,scalevar_muR,Up,1,0.0009567917389306952,0.0011761846848516988,4.341373557985806
qqZZ,scalevar_muR,Up,2,0.0011761846848516988,0.002029518495153339,13.037824201403971
qqZZ,scalevar_muR,Up,3,0.002029518495153339,0.0024498090280613213,4.35192353122817
qqZZ,scalevar_muR,Up,4,0.0024498090280613213,0.0029563838476912704,4.358644275432194
qqZZ,scalevar_muR,Up,5,0.0029563838476912704,0.006105206239196243,17.37516481645373
qqZZ,scalevar_muR,Up,6,0.006105206239196243,0.007522517248260182,4.351634305432462
qqZZ,scalevar_muR,Up,7,0.007522517248260182,0.009719243336259968,4.351708485017305
qqZZ,scalevar_muR,Up,8,0.009719243336259968,0.013643487834444395,4.3527789288743435
qqZZ,scalevar_muR,Up,9,0.013643487834444395,0.022087249077993153,4.3508357132807305
qqZZ,scalevar_muR,Up,10,0.022087249077993153,0.04393358703334,4.353402617903541
qqZZ,scalevar_muR,Up,11,0.04393358703334,0.10073404070562539,4.346516760653557
qqZZ,scalevar_muR,Up,12,0.10073404070562539,0.23767632438315117,4.3226295164909345
qqZZ,scalevar_muR,Up,13,0.23767632438315117,0.4957539730742803,4.354003822905625
qqZZ,scalevar_muR,Up,14,0.4957539730742803,1.0,4.302699232415435
